Index,ED,ESE,504,ELL,Sum Days Sus,ADA,PY SS,FAST PM1 SS,CY IR SS PM1,ELA QC,Port S1,CY IR SS PM2,FAST PM2 SS,CY IR SS PM3,Port S2,FAST PM3 SS
1,1,0,0,0,0,0.531791908,,211,555,85,75.071,,209,587,81.72275,219
2,1,0,0,0,0,0.560693642,201,192,519,54,54.701,519,187,530,50.4205,210
3,1,1,0,0,0,0.593023256,144,164,422,23,21.36733333,461,175,522,55.8825,188
4,1,0,0,0,0,0.606936416,224,199,584,85,67.66366667,547,195,532,55.602,196
5,0,0,0,0,0,0.636363636,,,,,,,,591,62.185,234
6,0,1,0,0,0,0.666666667,,,,,,,,,,169
7,1,0,0,0,0,0.676300578,190,,515,85,86.03966667,536,212,551,76.471,219
8,1,0,0,0,0,0.705202312,,173,464,69,71.36733333,481,140,514,41.91175,200
9,1,0,0,0,0,0.728323699,167,184,504,58,40.862,463,172,499,38.025,187
10,0,1,0,0,0,0.739130435,,,,,,,,,,173
11,1,0,0,0,1,0.739884393,174,177,462,54,49.288,486,185,493,33.92825,191
12,1,0,1,0,0,0.74566474,117,147,400,46,36.966,390,174,373,14.706,172
13,1,0,0,0,0,0.751445087,198,198,512,62,48.148,487,192,510,40.96625,192
14,1,1,0,0,0,0.76300578,157,172,462,69,71.36733333,481,198,553,74.36975,195
15,1,0,0,0,0,0.76744186,167,181,477,46,41.59566667,479,192,503,51.68033333,194
16,1,1,0,0,0,0.774566474,199,193,515,85,77.208,482,198,515,83.47333333,193
17,1,0,0,1,0,0.779141104,150,,335,,42.857,364,172,373,11.765,179
18,1,1,0,0,0,0.780346821,75,179,405,92,91.16833333,451,140,430,54.832,187
19,1,0,1,0,0,0.780346821,198,188,507,77,75.071,556,203,554,52.381,210
20,1,1,0,0,0,0.786127168,177,173,461,62,61.3245,413,180,474,68.6975,189
21,1,0,0,0,0,0.786127168,246,229,608,85,94.87166667,631,235,638,84.3485,257
22,1,0,0,0,0,0.786127168,139,160,399,31,20.94,407,164,472,33.053,173
23,1,0,0,0,0,0.791907514,162,183,478,46,46.154,500,172,507,38.65525,181
24,1,1,0,0,0,0.791907514,186,194,477,38,46.154,518,185,496,66.24633333,188
25,1,0,0,0,0,0.791907514,218,212,577,100,91.6665,580,212,618,92.157,234
26,0,0,0,0,0,0.791907514,187,197,,77,82.76333333,523,188,527,65.44125,212
27,1,0,0,1,0,0.791907514,184,189,511,69,65.812,518,205,539,72.584,222
28,1,0,0,0,0,0.795454545,,198,,,79.06,536,201,540,76.99575,216
29,1,1,0,0,0,0.797619048,,,,,,,,396,35.15433333,184
30,1,1,0,0,0,0.797687861,,,481,77,73.93133333,506,204,534,42.577,218
31,1,0,0,0,0,0.797687861,201,191,533,92,65.09966667,557,,561,77.591,225
32,0,1,0,0,0,0.797687861,162,159,401,69,63.248,469,196,514,61.06466667,191
33,1,0,1,1,0,0.803468208,158,140,541,46,29.05966667,479,159,469,35.294,196
34,1,0,0,1,0,0.803468208,180,187,484,77,64.38766667,518,191,527,53.22133333,210
35,1,0,0,0,0,0.803468208,,,,,83.333,,,,,191
36,1,0,0,0,0,0.80625,192,,478,54,52.99166667,507,199,503,51.54066667,199
37,1,0,1,0,0,0.809248555,,140,525,62,72.4355,579,211,544,77.17066667,217
38,1,1,0,0,0,0.809248555,170,152,481,69,61.396,502,177,515,41.2815,196
39,1,1,0,0,0,0.809248555,143,168,358,23,25.356,317,161,392,32.1425,160
40,1,0,0,0,0,0.809248555,187,211,525,100,82.76333333,559,214,581,82.87825,227
41,1,0,1,0,0,0.809248555,192,201,546,69,46.29633333,551,214,560,69.32766667,212
42,1,0,0,0,0,0.809248555,186,194,523,77,78.34766667,526,192,515,67.85725,204
43,1,0,0,0,0,0.809248555,188,182,496,85,78.34733333,533,201,605,86.1345,213
44,1,0,0,0,0,0.810344828,,,,,,,,585,70.588,228
45,0,1,0,0,0,0.814814815,,,,,,,,,,160
46,1,1,0,0,1,0.815028902,75,163,369,,28.205,436,176,512,43.13733333,140
47,1,0,0,0,0,0.820809249,214,210,543,77,62.53566667,582,201,580,82.353,234
48,1,0,0,0,0,0.820809249,148,170,472,38,34.61566667,489,178,517,54.30675,187
49,1,0,0,0,0,0.820809249,205,193,532,62,72.4355,540,212,553,53.22133333,216
50,1,0,0,0,0,0.820809249,171,140,498,85,77.635,522,203,568,54.30675,212
51,0,0,0,0,0,0.822429907,,,,,,550,201,571,90.89633333,232
52,1,1,0,0,0,0.826589595,133,154,366,,,374,147,385,,191
53,1,1,0,0,1,0.826589595,181,179,418,85,54.416,447,180,462,29.412,187
54,1,0,0,0,0,0.826589595,236,221,610,92,97.436,624,240,655,85.43433333,240
55,1,0,1,0,0,0.826589595,164,159,482,62,52.564,516,180,520,41.73666667,204
56,1,0,0,0,0,0.826589595,172,166,513,62,58.83166667,513,179,527,56.3025,214
57,1,1,0,0,0,0.831395349,149,171,418,46,36.46733333,442,186,486,46.63875,180
58,1,0,0,0,0,0.832369942,188,188,505,77,63.248,514,180,513,45.378,189
59,1,0,0,0,0,0.832369942,189,200,531,92,85.043,535,208,556,73.249,209
60,1,1,0,0,0,0.838150289,170,173,429,8,16.95166667,431,140,461,24.36966667,185
61,1,1,0,0,0,0.838150289,131,164,382,,22.222,372,140,494,,204
62,1,0,1,0,0,0.838150289,207,202,,77,70.65533333,539,195,539,68.4875,210
63,1,0,0,0,0,0.838150289,191,187,515,69,62.53566667,520,192,534,72.89925,217
64,0,0,0,0,0,0.838150289,207,191,531,77,73.93133333,539,215,579,88.23533333,215
65,1,0,0,0,0,0.838150289,209,214,534,85,67.66366667,551,210,571,71.74375,223
66,1,0,0,0,0,0.838150289,190,201,518,77,73.93133333,526,208,552,67.01675,207
67,0,0,0,0,0,0.838150289,193,182,506,62,50.377,532,194,548,55.147,208
68,1,0,0,1,0,0.838150289,75,177,319,38,41.453,339,174,432,13.0255,140
69,1,0,0,0,3,0.839506173,,,417,54,46.3675,486,164,454,34.55875,170
70,1,0,0,0,0,0.843930636,197,191,474,62,58.54666667,515,203,546,59.03375,216
71,0,0,0,0,0,0.843930636,212,217,571,77,72.07966667,581,218,565,79.41175,224
72,1,0,0,0,0,0.843930636,204,197,529,92,86.04,545,212,560,69.64275,215
73,1,0,0,1,0,0.848837209,178,183,489,69,61.111,507,185,513,65.406,198
74,1,1,0,0,0,0.849710983,135,162,408,33,47.222,421,164,463,28.046,212
75,1,1,0,0,0,0.849710983,198,188,497,77,68.80333333,498,198,542,55.46233333,193
76,1,1,0,0,0,0.849710983,176,140,382,77,60.684,465,165,517,53.6765,180
77,1,1,0,0,0,0.849710983,171,182,452,58,61.04,512,,502,46.2185,200
78,0,0,0,0,0,0.849710983,181,186,474,69,62.3935,510,179,505,33.08825,192
79,0,1,0,0,0,0.849710983,149,,361,,,444,171,455,,195
80,0,0,0,0,0,0.849710983,197,198,485,85,77.208,516,205,496,49.2645,209
81,1,0,0,0,0,0.849710983,216,214,580,100,88.889,590,214,593,78.01133333,236
82,0,0,0,0,0,0.849710983,209,211,549,92,81.624,561,205,557,78.78125,206
83,0,0,1,1,0,0.849710983,176,182,525,62,54.843,512,211,514,70.028,221
84,1,0,0,0,0,0.849710983,187,186,500,69,55.12833333,533,197,534,60.50425,201
85,0,1,0,0,0,0.849710983,157,140,423,62,48.148,441,185,471,63.44533333,180
86,1,0,0,0,0,0.85380117,216,212,547,100,97.436,591,223,603,81.72275,228
87,1,0,0,0,0,0.854651163,211,194,507,77,77.208,529,215,555,71.4285,204
88,1,1,0,0,0,0.855263158,,,,,,,,447,57.143,202
89,1,0,0,0,0,0.855263158,,,,,,,,475,39.706,194
90,0,0,0,0,0,0.855491329,170,173,475,77,51.13966667,468,189,536,58.7185,215
91,1,0,0,0,0,0.855491329,187,177,492,67,72.2225,529,189,528,46.3235,205
92,0,0,0,0,0,0.855491329,179,140,474,77,66.95166667,517,185,480,59.66375,175
93,1,0,0,0,0,0.855491329,,140,403,54,46.3675,438,181,431,33.47333333,170
94,1,0,0,0,0,0.855491329,200,181,512,69,61.82366667,515,200,526,55.182,211
95,0,0,0,1,0,0.857142857,,,,,,,,,,167
96,1,0,0,0,0,0.861271676,,199,509,62,53.846,518,206,530,47.19866667,210
97,1,1,0,0,0,0.861271676,197,190,462,69,61.5385,473,195,544,67.437,209
98,1,0,0,0,0,0.861271676,191,194,505,62,75.56533333,532,212,521,67.01675,204
99,1,0,0,0,0,0.861271676,188,190,515,62,68.803,518,202,557,62.28975,214
100,1,0,1,0,0,0.861271676,167,163,406,31,33.90333333,474,181,516,35.01366667,185
101,1,0,0,0,0,0.861271676,205,193,554,85,79.05966667,568,214,578,75.63033333,223
102,0,1,0,0,0,0.861271676,202,181,497,,71.3675,522,193,508,52.28475,203
103,1,0,0,0,0,0.861271676,212,213,574,92,97.436,588,218,578,86.44975,229
104,0,1,0,0,0,0.862318841,,,,31,26.49566667,415,176,489,31.30225,189
105,1,0,0,0,2,0.865497076,194,191,488,85,86.752,530,174,510,73.73975,221
106,1,1,0,0,0,0.865497076,178,189,429,85,55.84033333,462,190,475,59.944,198
107,1,1,0,0,0,0.867052023,165,175,494,85,60.68366667,511,189,533,70.86866667,208
108,1,0,0,0,0,0.867052023,146,148,399,,43.8035,466,,457,30.147,162
109,0,0,0,0,0,0.867052023,195,182,510,77,47.436,537,192,535,47.26875,205
110,1,0,0,0,0,0.867052023,173,140,487,62,49.28766667,481,140,538,61.06466667,202
111,1,0,0,0,0,0.867052023,212,180,526,77,72.07966667,571,208,543,63.3485,215
112,1,0,0,1,0,0.867052023,205,198,526,62,72.07966667,556,214,569,59.10366667,216
113,1,0,0,0,0,0.867052023,179,169,468,77,61.82333333,505,175,514,70.588,201
114,1,0,0,0,0,0.867052023,206,194,521,77,75.356,559,201,569,82.353,224
115,1,0,0,0,0,0.867052023,188,199,524,77,63.4615,563,192,541,69.958,208
116,1,0,0,0,1,0.872,169,184,463,31,23.50433333,476,178,,5.882,183
117,0,0,0,0,0,0.87283237,167,174,367,23,22.08,401,189,441,28.9915,179
118,1,1,0,0,0,0.87283237,194,196,530,85,85.32733333,544,207,569,82.03775,211
119,1,0,0,0,0,0.87283237,168,175,468,54,43.73233333,489,178,507,34.769,178
120,1,0,0,0,0,0.87283237,196,190,541,85,71.36733333,534,200,571,72.584,196
121,0,0,0,0,0,0.87283237,227,214,553,92,93.02,559,219,600,86.1345,240
122,1,0,0,0,0,0.87283237,183,200,529,85,75.356,531,206,556,67.017,229
123,1,0,0,0,0,0.87283237,176,189,499,77,55.27066667,500,195,484,54.83175,211
124,1,0,0,0,0,0.87283237,179,183,534,85,74.64366667,533,201,525,55.4625,209
125,1,0,0,0,0,0.87283237,184,178,491,77,78.34766667,522,201,550,57.423,211
126,1,0,0,0,0,0.87283237,163,180,411,46,54.13133333,502,182,527,36.27433333,200
127,0,0,0,0,0,0.876811594,,143,,,42.5215,480,177,528,43.38225,204
128,1,0,0,0,0,0.877192982,196,206,535,85,92.30766667,579,213,550,80.252,219
129,0,0,0,0,0,0.877906977,,192,527,69,73.21933333,550,213,568,80.56725,222
130,1,0,0,0,0,0.878612717,161,189,501,85,81.62366667,517,192,540,59.804,221
131,1,1,0,0,0,0.878612717,149,172,409,54,41.59566667,474,167,512,68.0675,198
132,1,1,0,0,0,0.878612717,189,175,485,69,59.6155,495,183,471,,196
133,1,0,0,0,0,0.878612717,194,202,536,92,86.752,551,217,559,78.32175,206
134,1,0,0,0,0,0.878612717,216,197,562,100,86.752,594,217,600,85.85433333,233
135,0,0,0,0,0,0.878612717,195,197,534,92,73.50433333,563,209,557,58.824,207
136,1,0,0,0,0,0.878612717,210,217,536,85,75.78333333,550,223,579,75.21,222
137,0,0,0,0,0,0.878612717,189,197,513,92,77.92033333,515,206,535,68.48733333,221
138,0,0,0,0,0,0.878612717,203,193,517,85,77.635,557,193,557,72.89925,204
139,1,1,0,0,0,0.878612717,197,195,518,92,87.8205,538,172,538,36.1345,213
140,1,0,0,0,0,0.883040936,187,189,518,85,75.78333333,499,190,554,74.0545,192
141,1,1,0,0,3,0.88372093,186,204,521,85,82.735,550,202,576,71.70866667,218
142,0,0,1,0,0,0.88372093,185,140,488,69,61.396,514,190,548,65.406,199
143,1,0,0,0,0,0.884393064,199,182,499,77,57.26466667,509,187,520,49.1595,188
144,1,0,0,0,0,0.884393064,184,186,504,77,47.436,544,181,505,52.52125,204
145,1,0,0,0,0,0.884393064,199,190,504,75,75.14233333,565,209,585,80.56725,217
146,0,0,0,0,0,0.884393064,197,156,516,85,65.09966667,514,193,531,53.466,188
147,1,0,1,0,0,0.884393064,180,183,488,85,73.93133333,517,176,529,63.6555,200
148,1,0,0,0,0,0.884393064,182,191,481,54,54.84333333,497,197,522,41.70175,193
149,1,0,0,0,0,0.884393064,154,180,468,62,48.86033333,489,183,498,53.7815,206
150,1,1,0,0,0,0.884393064,195,188,512,100,73.93166667,533,183,554,69.748,214
151,1,1,0,0,0,0.884393064,158,173,441,92,83.476,486,171,557,74.0545,203
152,1,0,0,1,0,0.884393064,157,169,480,54,56.26766667,489,197,517,55.77725,201
153,1,1,0,1,0,0.884393064,75,164,381,15,39.31633333,399,140,399,38.51566667,181
154,1,0,0,0,0,0.884393064,180,193,477,62,71.65233333,530,205,542,73.21425,200
155,1,1,0,0,0,0.884393064,173,174,461,92,67.23666667,500,185,549,48.1095,207
156,1,0,0,0,0,0.884393064,196,204,529,85,68.091,536,208,592,75.84025,225
157,1,0,0,0,0,0.884393064,164,193,443,69,69.51566667,486,183,486,56.0925,189
158,1,0,0,0,0,0.884393064,213,204,594,85,70.65533333,555,214,606,93.69733333,218
159,1,0,1,0,0,0.884393064,208,183,536,69,73.21933333,542,198,600,71.28866667,209
160,1,1,0,0,0,0.884393064,,179,380,46,40.70533333,406,177,412,38.65525,185
161,0,1,0,0,0,0.884615385,,,,,,,,412,41.176,166
162,0,0,0,0,0,0.888235294,194,182,500,85,83.974,560,209,555,80.56725,205
163,1,1,0,0,0,0.888888889,123,178,397,38,66.95166667,415,175,433,45.378,182
164,0,0,0,0,0,0.89010989,,,,,,,169,478,48.03933333,210
165,1,1,0,0,0,0.89017341,177,187,486,62,69.80066667,529,198,560,78.01133333,191
166,1,1,0,0,0,0.89017341,191,192,431,69,59.97166667,516,189,522,54.06133333,216
167,1,0,1,0,0,0.89017341,162,176,442,85,61.396,490,171,588,53.92166667,199
168,1,1,0,0,0,0.89017341,155,182,424,69,64.67266667,442,176,485,50.21025,182
169,0,0,0,0,0,0.89017341,169,186,482,62,47.15066667,476,190,505,34.17366667,217
170,0,0,0,0,0,0.89017341,205,210,543,100,97.222,558,210,567,83.89366667,221
171,1,0,0,0,0,0.89017341,191,190,551,85,74.64366667,499,175,519,33.92825,195
172,1,0,0,0,0,0.89017341,205,180,511,46,46.29633333,517,193,528,64.601,209
173,0,0,0,0,0,0.89017341,197,194,539,69,64.38766667,533,210,559,67.787,218
174,1,0,0,0,0,0.89017341,182,177,484,54,46.3675,513,191,507,31.092,202
175,1,0,0,0,0,0.89017341,198,209,525,92,76.49566667,552,209,544,77.626,217
176,1,0,0,0,0,0.89017341,181,175,506,77,79.638,520,186,512,43.2775,187
177,0,0,0,0,0,0.89017341,183,174,435,77,72.07966667,490,181,526,59.559,206
178,1,0,0,0,0,0.89017341,193,184,493,77,71.36733333,533,192,557,68.6975,208
179,1,0,0,0,2,0.89017341,177,183,461,62,52.99133333,519,192,515,83.47333333,189
180,0,0,0,0,0,0.89017341,224,221,598,92,97.436,614,250,632,89.391,256
181,1,0,1,1,0,0.89017341,147,140,421,62,45.15666667,468,181,486,47.059,181
182,1,0,0,0,0,0.89017341,174,187,465,23,29.77233333,486,170,515,52.206,186
183,1,0,0,0,0,0.89017341,186,188,511,92,77.208,516,193,527,64.916,202
184,1,0,0,0,0,0.89017341,210,189,513,100,87.89166667,571,208,572,56.0925,210
185,0,0,0,0,0,0.89017341,188,183,513,85,73.50433333,521,194,547,76.15575,227
186,1,0,0,1,0,0.89017341,,140,301,,,311,166,340,30.8825,166
187,1,0,0,1,0,0.894736842,183,195,511,85,73.93133333,520,203,547,62.92,217
188,0,0,1,0,0,0.895348837,215,214,588,100,93.01966667,595,220,598,83.89333333,225
189,0,0,0,0,0,0.895348837,214,167,517,77,73.21933333,542,204,570,83.47333333,218
190,1,1,0,0,5,0.895953757,127,182,455,69,70.94033333,463,180,525,77.521,185
191,1,0,1,0,0,0.895953757,178,179,491,77,58.82366667,489,189,504,52.83625,207
192,1,1,0,0,0,0.895953757,156,173,429,69,39.31633333,456,174,522,38.65533333,179
193,1,1,0,0,0,0.895953757,179,199,516,85,78.4185,534,203,562,68.0675,215
194,1,1,0,0,2,0.895953757,130,149,370,,,416,165,423,,140
195,1,0,0,0,0,0.895953757,153,172,426,38,43.44733333,474,172,515,60.18925,199
196,0,1,0,0,0,0.895953757,218,199,561,100,88.604,561,212,587,75.63033333,239
197,1,0,0,0,0,0.895953757,201,201,516,85,78.34733333,523,192,567,77.591,217
198,1,0,0,0,0,0.895953757,208,185,505,85,84.61533333,541,213,,70.5885,214
199,0,0,0,0,0,0.895953757,180,211,529,77,80.128,558,215,551,75.525,217
200,1,0,0,0,0,0.895953757,186,194,512,,47.009,530,204,543,68.62766667,213
201,1,0,0,0,0,0.895953757,146,165,460,54,63.675,503,187,509,56.0925,199
202,1,0,0,0,0,0.895953757,187,184,503,77,64.38766667,530,198,538,65.82633333,203
203,1,0,0,0,0,0.895953757,195,193,538,62,51.13933333,540,202,561,46.954,222
204,1,0,0,0,0,0.895953757,163,181,475,46,55.983,517,177,508,31.82775,203
205,1,0,0,0,0,0.895953757,166,173,453,69,59.97166667,523,182,514,56.0925,215
206,1,0,0,0,5,0.895953757,206,199,532,85,76.49533333,568,202,538,71.11325,209
207,1,0,0,0,0,0.895953757,227,226,579,100,88.604,581,226,613,86.27433333,241
208,0,0,0,0,0,0.895953757,211,203,531,92,77.06566667,565,206,549,67.85725,230
209,0,0,0,0,0,0.895953757,161,191,504,31,35.32733333,519,190,525,44.958,213
210,1,0,0,0,0,0.897058824,,,,,,,,533,39.0755,200
211,0,0,0,0,0,0.9,,190,,,64.7435,542,219,578,65.406,210
212,0,0,0,0,0,0.901162791,207,181,514,69,66.95166667,520,198,530,71.74375,214
213,1,0,0,0,0,0.901162791,179,180,483,54,52.99166667,515,187,523,83.47333333,216
214,1,1,0,0,0,0.901734104,148,182,463,92,63.96033333,440,179,476,49.26475,179
215,1,1,0,0,0,0.901734104,152,174,431,62,40.45566667,463,171,515,34.559,211
216,0,1,0,0,0,0.901734104,157,174,441,38,40.17133333,467,182,539,44.25766667,174
217,0,1,0,0,0,0.901734104,194,198,485,100,94.4445,561,216,590,78.7815,218
218,0,0,0,0,0,0.901734104,205,213,540,69,66.95166667,545,223,568,90.546,219
219,1,0,0,0,0,0.901734104,180,175,520,54,43.01966667,473,184,506,37.71,172
220,0,0,0,0,0,0.901734104,198,226,524,77,75.071,552,225,576,73.5295,218
221,0,0,0,0,0,0.901734104,200,200,550,62,79.487,548,209,568,67.78733333,218
222,1,1,0,0,0,0.901734104,206,193,528,92,76.49566667,543,207,581,68.17225,215
223,0,0,0,0,0,0.901734104,217,224,563,85,79.05966667,564,231,576,75.63033333,233
224,1,1,0,0,0,0.901734104,170,140,450,77,79.33633333,530,181,475,42.22675,140
225,0,0,0,0,0,0.901734104,191,195,511,100,85.32733333,539,203,571,86.1345,224
226,0,0,0,0,0,0.901734104,206,206,585,100,86.04,597,219,609,83.50825,213
227,1,0,0,0,0,0.901734104,198,187,534,69,70.7265,530,194,573,65.1265,212
228,1,0,0,0,0,0.901734104,,160,462,42,41.52433333,477,176,532,53.99175,186
229,1,0,0,0,0,0.901734104,177,171,435,38,51.56733333,489,195,523,44.853,197
230,0,0,0,0,0,0.901734104,,200,516,85,79.772,577,197,587,80.8825,230
231,1,0,0,0,0,0.901734104,208,200,551,100,85.641,550,206,596,93.69766667,219
232,0,0,0,0,0,0.901734104,165,202,554,92,70.584,591,220,604,71.11325,243
233,1,0,0,0,1,0.901734104,,190,498,77,69.08833333,533,187,517,51.5755,196
234,1,1,0,0,0,0.901960784,,,,,,,,,,175
235,1,0,0,0,0,0.902439024,,,507,77,66.23933333,535,202,596,54.307,209
236,1,0,0,0,0,0.902777778,,179,,62,67.66366667,496,182,515,55.46225,189
237,0,0,0,1,0,0.903225806,,,,,,,,,,184
238,1,0,0,1,0,0.903703704,189,193,508,,,,183,543,46.07833333,209
239,1,0,0,0,0,0.906432749,195,197,521,77,85.32733333,521,202,592,81.7225,218
240,1,0,0,0,0,0.906976744,215,194,550,85,75.78333333,555,198,584,70.86866667,206
241,1,0,1,0,0,0.906976744,177,173,471,46,57.40733333,517,181,522,29.55166667,203
242,1,0,0,0,0,0.906976744,187,183,500,62,64.55466667,517,185,527,56.933,203
243,1,1,0,0,0,0.907514451,153,140,439,46,43.44733333,468,182,481,41.3865,202
244,1,0,1,0,0,0.907514451,188,171,475,77,52.13666667,499,177,530,63.4455,182
245,1,0,0,0,1,0.907514451,170,140,463,69,47.00866667,520,183,501,34.31366667,197
246,1,1,0,0,0,0.907514451,215,188,525,,0,513,197,560,71.429,212
247,1,0,0,0,0,0.907514451,194,190,516,69,61.396,525,200,532,73.66933333,215
248,1,0,0,0,0,0.907514451,193,189,499,77,73.93133333,519,200,530,68.1725,211
249,1,0,0,0,0,0.907514451,204,182,530,100,88.604,569,225,584,77.311,233
250,0,1,0,0,0,0.907514451,172,196,511,100,91.168,532,199,540,81.0925,204
251,0,0,1,0,0,0.907514451,178,163,471,69,67.66366667,515,181,523,61.44975,211
252,0,0,1,0,0,0.907514451,204,212,527,92,82.76333333,569,208,571,86.76475,221
253,1,0,0,0,0,0.907514451,199,195,537,85,85.32733333,542,202,565,83.5085,215
254,0,0,0,0,0,0.907514451,162,175,429,69,67.66366667,485,187,518,41.59675,196
255,1,0,0,0,0,0.907514451,169,180,465,54,53.70366667,492,180,507,55.182,191
256,1,0,0,0,0,0.907514451,236,218,551,92,96.154,595,201,604,68.80275,221
257,0,0,1,0,0,0.907514451,153,167,451,85,79.772,512,207,540,61.3445,207
258,1,0,0,0,0,0.907514451,210,185,567,92,83.476,545,210,546,86.27466667,229
259,1,0,1,0,1,0.907514451,176,187,490,54,54.416,513,188,496,55.4625,219
260,1,0,0,0,0,0.907514451,,162,434,54,37.17933333,468,167,477,34.2435,181
261,0,0,0,0,0,0.907514451,,192,499,69,76.49566667,520,201,557,69.643,221
262,1,0,0,0,0,0.907514451,191,205,536,85,73.21933333,558,207,547,73.24933333,224
263,1,0,0,0,0,0.907514451,206,201,514,62,61.82333333,559,209,586,74.05475,224
264,0,0,0,0,0,0.907514451,163,179,441,31,40.45566667,422,164,445,41.5965,154
265,1,0,0,0,0,0.907894737,,,,,,,,513,73.3195,213
266,1,0,1,0,3,0.908045977,164,140,452,38,41.453,508,180,492,35.50425,203
267,1,0,0,0,0,0.909090909,,175,,77,71.36733333,508,195,515,70.273,195
268,1,0,0,1,0,0.910447761,,,,,30.983,447,140,450,42.227,173
269,0,1,0,0,0,0.912280702,199,140,470,77,77.635,548,171,547,69.85275,217
270,1,1,0,0,0,0.912790698,155,195,478,85,59.54433333,525,201,511,52.206,216
271,0,0,0,0,2,0.912790698,197,199,521,69,58.547,519,195,540,64.60075,208
272,1,1,0,0,0,0.913043478,167,,,,,,,507,39.35533333,201
273,1,0,1,0,0,0.913043478,,183,,,15.385,486,140,497,44.538,227
274,1,0,0,0,0,0.913294798,177,175,450,8,20.5125,475,158,507,37.402,191
275,1,1,0,0,0,0.913294798,171,169,393,62,37.506,401,140,458,45.168,177
276,1,0,0,0,0,0.913294798,190,191,510,46,52.99166667,511,193,510,43.69733333,207
277,1,1,0,0,0,0.913294798,175,184,403,62,51.852,470,190,530,38.93533333,196
278,0,1,0,0,0,0.913294798,155,167,382,62,61.538,391,140,440,,186
279,1,0,1,0,0,0.913294798,191,194,519,77,68.09133333,540,210,570,69.328,192
280,1,0,0,1,0,0.913294798,175,164,433,62,39.316,489,185,527,41.03666667,203
281,0,1,0,0,0,0.913294798,138,140,427,15,34.6155,418,179,495,32.45775,181
282,1,0,0,0,0,0.913294798,196,206,537,92,84.188,527,203,600,85.29425,213
283,0,0,0,0,0,0.913294798,225,208,574,92,82.76333333,562,219,577,77.62625,215
284,1,0,0,0,0,0.913294798,,207,534,85,71.36733333,571,219,598,68.8025,209
285,1,1,0,1,0,0.913294798,162,146,448,62,44.15966667,454,140,514,49.0545,192
286,0,1,0,0,0,0.913294798,208,199,521,92,80.91166667,574,198,569,88.23525,224
287,1,0,0,0,0,0.913294798,181,182,468,54,44.44433333,513,194,516,39.28575,201
288,1,0,1,0,0,0.913294798,176,140,455,46,30.19933333,463,174,520,40.196,209
289,1,1,0,0,0,0.913294798,180,182,457,62,30.769,497,180,480,42.15666667,187
290,1,0,0,0,0,0.913294798,218,206,555,100,93.73233333,580,234,592,83.8235,232
291,0,0,0,0,0,0.913294798,203,218,569,92,80.91166667,576,223,586,85.29425,235
292,1,0,0,0,0,0.913294798,176,192,481,62,55.84,512,169,526,40.441,193
293,0,0,0,0,0,0.913294798,210,201,517,85,82.76333333,551,210,553,75.52525,218
294,1,0,0,0,0,0.913294798,194,199,531,69,54.84333333,549,214,570,70.58833333,210
295,1,0,0,0,0,0.913294798,178,186,454,69,46.58133333,503,185,517,63.7605,207
296,0,0,0,0,0,0.913294798,186,194,506,46,59.25933333,532,188,538,55.882,201
297,0,0,0,0,0,0.913294798,159,175,473,38,42.308,497,186,544,61.66,208
298,1,0,1,0,0,0.913294798,167,175,462,62,72.07966667,487,184,478,29.55166667,183
299,1,0,0,0,0,0.913294798,,205,525,100,88.889,556,218,578,59.8735,227
300,1,0,0,0,0,0.913294798,,184,517,85,86.03966667,549,206,542,73.73975,222
301,1,1,0,0,0,0.917159763,140,156,395,25,39.245,407,166,476,25.20966667,170
302,1,0,0,0,0,0.918604651,187,194,522,85,73.50433333,521,203,571,75.21,213
303,1,1,0,0,0,0.919075145,158,184,415,23,26.211,486,156,493,59.94366667,166
304,0,0,0,0,0,0.919075145,174,181,468,85,72.07966667,513,190,518,74.36975,196
305,1,0,0,0,0,0.919075145,,203,525,92,90.45566667,592,210,568,71.4285,218
306,1,0,1,0,0,0.919075145,199,181,477,77,72.07966667,518,186,532,53.64133333,209
307,0,0,0,0,0,0.919075145,169,170,441,38,30.912,487,179,484,55.252,195
308,1,0,0,0,0,0.919075145,207,207,524,92,80.91166667,549,209,542,71.70866667,216
309,1,0,0,0,0,0.919075145,208,199,530,85,76.49533333,550,199,595,70.86866667,216
310,1,0,0,0,0,0.919075145,169,182,488,69,56.98033333,526,190,497,54.93675,209
311,1,0,0,0,0,0.919075145,133,176,433,15,22.08,479,185,476,66.1765,196
312,1,0,0,0,0,0.919075145,194,182,525,85,74.359,544,196,547,67.85725,218
313,0,0,0,0,1,0.919075145,171,172,443,38,39.03166667,479,169,507,48.9495,184
314,0,0,0,0,0,0.919075145,162,166,454,62,54.416,489,144,511,58.08825,188
315,1,0,0,0,0,0.919075145,187,197,467,77,60.684,534,199,561,58.4035,200
316,1,0,0,1,0,0.919075145,159,140,471,62,58.547,488,170,511,34.296,200
317,1,0,0,0,0,0.919075145,182,215,531,92,84.188,557,213,582,71.4285,211
318,1,0,0,0,0,0.919075145,226,198,563,85,76.06833333,561,193,561,53.15125,207
319,0,0,1,0,0,0.919075145,176,193,517,62,62.963,535,211,594,60.189,218
320,0,0,0,0,0,0.919075145,,,513,100,82.33633333,554,210,563,86.7645,240
321,1,0,0,0,0,0.922619048,209,184,513,69,71.36733333,553,204,586,80.8825,227
322,1,0,0,0,0,0.924418605,220,202,557,92,85.36333333,579,226,558,72.269,232
323,0,0,0,0,0,0.924418605,220,220,545,92,77.208,570,206,604,82.169,216
324,1,0,0,0,0,0.924418605,205,199,522,85,73.21933333,571,198,538,63.7605,219
325,0,0,0,0,0,0.924418605,207,202,541,92,75.78366667,572,214,590,78.7815,243
326,1,0,0,0,0,0.924855491,177,150,448,62,60.68366667,487,176,513,46.53375,194
327,1,0,0,0,0,0.924855491,200,183,485,69,73.5045,523,189,496,56.61775,181
328,1,1,0,0,0,0.924855491,158,184,458,46,48.148,485,173,523,44.11766667,192
329,1,0,1,0,0,0.924855491,196,140,491,69,56.69533333,510,179,574,51.96066667,201
330,0,0,0,0,0,0.924855491,197,198,515,69,67.66366667,535,203,547,76.47075,212
331,1,1,0,0,4,0.924855491,175,183,487,62,64.38733333,511,203,529,48.4245,206
332,1,0,0,0,0,0.924855491,208,201,533,85,84.18766667,585,212,574,90.196,240
333,0,1,0,1,0,0.924855491,128,161,422,15,21.36766667,452,165,498,32.353,170
334,1,0,0,0,0,0.924855491,145,140,380,85,58.11966667,478,177,438,23.00425,178
335,0,0,0,0,0,0.924855491,174,159,475,31,34.90033333,512,165,520,38.65566667,189
336,1,1,0,0,0,0.924855491,148,175,460,69,70.94033333,550,165,516,45.772,219
337,0,0,0,0,0,0.924855491,232,225,642,92,90.45566667,662,241,665,82.038,237
338,0,0,0,0,0,0.924855491,182,193,517,92,63.96033333,516,199,591,71.6385,210
339,0,0,1,0,0,0.924855491,226,207,597,100,77.63533333,593,223,580,80.88225,233
340,0,0,0,0,0,0.924855491,210,202,521,92,82.33633333,565,203,570,80.29425,219
341,1,0,1,0,0,0.924855491,198,214,586,85,80.91166667,590,214,580,80.39233333,225
342,0,0,0,0,0,0.924855491,206,206,571,92,86.04,571,219,576,89.35566667,230
343,1,0,0,0,0,0.924855491,190,181,488,92,72.08,516,206,555,75.1575,212
344,1,0,1,0,0,0.924855491,197,167,472,92,76.325,502,180,517,59.52366667,207
345,1,0,0,0,0,0.924855491,146,154,454,46,58.11966667,467,146,518,35.92425,212
346,1,0,0,0,0,0.924855491,175,175,497,54,48.86033333,485,203,508,62.0535,198
347,1,0,0,0,0,0.924855491,203,184,521,62,52.99133333,524,191,538,60.81925,201
348,1,0,0,0,0,0.924855491,195,197,521,69,67.379,549,199,582,81.7225,213
349,1,0,0,0,0,0.924855491,188,186,515,77,56.69533333,513,188,523,69.328,191
350,1,0,0,1,0,0.924855491,147,177,443,38,35.8975,450,190,490,38.23533333,194
351,1,0,1,0,0,0.924855491,183,186,459,77,52.849,505,193,532,66.527,209
352,1,0,0,0,0,0.924855491,188,182,492,85,56.26766667,525,184,511,42.96925,191
353,0,1,0,0,0,0.924855491,211,166,524,62,47.43566667,489,195,528,70.168,204
354,0,1,0,0,0,0.924855491,157,140,418,85,69.51566667,468,181,472,62.605,188
355,0,0,0,0,0,0.924855491,208,201,544,92,86.04,579,214,571,83.19325,219
356,1,0,0,1,0,0.929411765,168,173,456,46,54.84333333,475,176,515,50.73525,202
357,1,0,0,1,0,0.930635838,165,160,447,38,23.50466667,474,175,472,35.71425,185
358,1,0,0,0,0,0.930635838,191,203,553,62,56.26766667,499,204,549,57.143,203
359,1,0,0,0,0,0.930635838,190,190,487,23,39.74366667,519,192,540,59.0205,208
360,1,1,0,0,0,0.930635838,154,188,381,,,457,187,486,,200
361,1,0,0,0,0,0.930635838,188,175,502,46,48.57566667,518,197,483,44.53775,200
362,1,0,0,0,0,0.930635838,,171,416,23,35.32766667,434,180,457,25.10475,182
363,1,1,0,0,0,0.930635838,177,184,476,31,35.32733333,495,188,514,47.339,200
364,1,0,0,0,0,0.930635838,,199,533,77,73.93133333,536,171,533,63.02533333,219
365,1,0,0,0,0,0.930635838,186,201,511,62,56.26766667,522,203,565,68.4875,206
366,1,0,0,0,0,0.930635838,175,186,479,69,66.95166667,516,189,561,81.09233333,222
367,1,0,0,0,0,0.930635838,175,184,508,69,66.95166667,526,190,543,54.762,203
368,1,0,1,1,0,0.930635838,163,170,469,33,53.13366667,500,196,495,54.83175,209
369,1,0,0,0,1,0.930635838,182,173,486,62,43.01966667,506,171,501,66.52666667,183
370,1,0,0,0,0,0.930635838,156,155,431,69,72.151,477,163,474,18.27725,175
371,1,1,0,0,0,0.930635838,190,189,463,54,56.26766667,470,188,534,67.332,184
372,1,0,0,0,0,0.930635838,188,189,503,77,73.93133333,494,186,521,37.11466667,197
373,0,1,0,0,0,0.930635838,237,233,637,85,92.30766667,615,233,644,84.979,246
374,0,0,0,0,0,0.930635838,192,186,515,92,63.53266667,510,198,539,61.3445,192
375,1,0,0,0,0,0.930635838,199,198,514,69,65.812,521,194,537,68.06733333,206
376,1,1,0,0,0,0.930635838,143,140,426,38,39.74366667,435,176,500,52.80133333,191
377,0,0,0,0,0,0.930635838,211,193,513,69,77.63533333,546,200,571,74.36975,207
378,0,0,0,0,0,0.930635838,217,217,573,100,77.208,592,222,586,78.7815,231
379,1,0,0,0,0,0.930635838,171,187,495,69,70.65533333,519,194,520,49.79,177
380,1,0,0,0,0,0.930635838,184,173,495,54,58.11966667,531,201,523,58.68366667,205
381,0,0,0,0,0,0.930635838,215,200,528,85,78.34733333,524,195,560,66.38675,221
382,1,0,0,1,0,0.930635838,121,140,421,38,22.792,448,180,462,20.168,174
383,1,0,0,0,0,0.930635838,184,181,519,85,81.62366667,528,199,548,74.68475,231
384,1,0,0,0,0,0.930635838,188,188,509,77,72.07966667,528,207,556,61.90466667,214
385,0,0,0,0,0,0.930635838,211,209,574,92,87.46466667,565,233,578,82.03775,218
386,1,0,0,0,0,0.930635838,197,202,542,85,87.89133333,586,211,577,87.92025,231
387,1,0,0,0,0,0.930635838,166,140,478,54,45.584,507,154,518,60.491,177
388,1,0,0,1,0,0.930635838,176,177,492,46,44.587,506,197,523,56.4075,193
389,1,1,0,0,0,0.930635838,157,159,425,23,30.91166667,472,140,501,53.04625,185
390,1,0,0,0,0,0.930635838,199,179,507,100,76.49566667,520,195,554,71.4285,214
391,1,0,0,1,0,0.930635838,117,150,347,38,43.44733333,380,179,404,59.10366667,172
392,0,0,0,0,0,0.930635838,,219,591,92,86.752,592,218,590,77.311,236
393,1,0,0,1,0,0.934131737,,,525,54,44.87166667,529,206,516,54.62175,204
394,1,0,0,0,0,0.934782609,,,,,,,175,519,44.3275,192
395,1,0,0,0,0,0.935672515,,140,462,85,67.66366667,526,187,543,74.5795,215
396,1,0,0,0,0,0.936046512,188,140,506,85,60.68366667,547,196,534,76.75066667,217
397,0,0,1,0,0,0.936046512,199,193,516,69,73.5045,512,207,525,66.70175,213
398,1,0,1,0,0,0.936046512,146,177,486,46,46.01133333,522,183,510,31.82775,183
399,0,0,0,1,0,0.936046512,194,213,516,62,60.68366667,530,214,570,65.86125,217
400,0,0,0,0,0,0.936046512,230,212,571,92,85.32766667,609,230,635,80.252,238
401,1,0,0,0,0,0.936416185,203,177,494,85,73.93133333,556,197,534,62.605,210
402,1,0,0,0,0,0.936416185,174,178,489,54,51.13966667,519,199,531,66.947,202
403,0,0,0,0,0,0.936416185,181,176,489,69,58.832,499,169,511,51.99575,198
404,1,0,0,0,0,0.936416185,180,175,495,85,74.64366667,517,189,559,61.44975,197
405,1,1,0,0,0,0.936416185,168,172,441,54,41.88033333,459,160,447,35.014,167
406,1,0,0,0,0,0.936416185,,182,462,54,53.70366667,482,186,526,52.20575,190
407,1,0,0,0,0,0.936416185,182,182,517,77,75.071,512,191,534,51.68075,203
408,1,0,0,0,0,0.936416185,172,173,479,54,44.88466667,493,161,505,37.185,194
409,1,0,0,0,0,0.936416185,179,193,524,85,67.66366667,541,202,527,52.83625,211
410,1,0,0,0,0,0.936416185,180,188,512,46,41.59566667,529,195,536,55.042,206
411,0,0,0,0,0,0.936416185,196,191,514,77,57.40733333,519,216,572,67.01675,223
412,1,1,0,0,0,0.936416185,167,180,481,54,48.57533333,487,187,519,53.92166667,201
413,1,0,0,0,0,0.936416185,178,178,478,77,72.792,535,197,522,67.85725,203
414,1,0,0,0,0,0.936416185,195,198,484,85,87.46433333,537,185,579,82.03775,214
415,0,1,0,0,0,0.936416185,191,196,522,69,55.84033333,533,206,518,60.39925,215
416,0,0,0,0,0,0.936416185,215,219,565,85,82.76333333,589,225,587,83.50825,231
417,1,0,0,0,0,0.936416185,191,184,502,77,70.65533333,529,194,528,71.42875,196
418,1,0,0,0,0,0.936416185,195,203,526,92,93.73233333,551,217,560,84.97925,229
419,0,0,0,0,0,0.936416185,222,216,546,100,98.148,594,225,603,88.23525,243
420,0,0,1,0,0,0.936416185,180,165,459,69,76.49566667,515,196,537,67.85725,210
421,1,0,0,0,0,0.936416185,199,181,505,62,47.43566667,510,197,521,69.32766667,203
422,1,0,0,0,0,0.936416185,187,177,483,54,39.316,533,203,558,79.41175,208
423,1,0,1,0,0,0.936416185,193,186,481,,63.034,518,184,529,60.819,195
424,0,0,0,0,0,0.936416185,209,183,518,92,75.07133333,550,213,578,74.0545,218
425,0,0,0,0,0,0.936416185,176,187,523,85,69.87166667,534,197,553,70.7985,206
426,1,0,0,0,0,0.936416185,187,189,513,62,63.675,512,197,520,67.227,210
427,0,0,0,0,0,0.936416185,192,180,499,69,63.248,519,218,550,73.21425,215
428,1,0,0,0,0,0.936416185,204,207,566,69,74.644,575,219,603,74.36975,227
429,1,0,1,0,0,0.936416185,173,172,449,62,48.148,471,162,492,34.594,206
430,1,0,0,0,0,0.936416185,125,180,456,85,82.76333333,487,187,521,56.72266667,199
431,1,0,1,1,0,0.936416185,172,172,480,85,63.96,484,192,518,45.168,193
432,1,0,0,0,0,0.936416185,207,203,550,85,87.89133333,572,224,566,76.4705,231
433,1,0,0,0,0,0.936416185,,194,489,73,68.54433333,523,200,541,68.17225,214
434,1,0,0,0,0,0.936416185,194,187,517,85,70.65533333,561,205,568,65.54625,208
435,0,0,0,0,0,0.936416185,221,199,564,100,90.45566667,585,223,578,80.8825,227
436,1,0,0,0,0,0.936416185,166,170,455,54,39.316,472,181,463,42.157,184
437,0,0,0,0,0,0.936416185,233,220,576,100,83.47566667,615,226,592,89.776,230
438,1,0,0,0,0,0.936416185,,183,479,62,53.70366667,518,199,520,66.387,219
439,0,0,0,0,0,0.936416185,187,176,470,54,66.239,501,192,530,51.99575,208
440,1,0,1,0,0,0.936416185,199,174,449,62,74.64366667,466,175,536,54.342,202
441,1,1,0,0,0,0.936416185,176,140,447,92,79.48733333,491,183,516,53.1515,191
442,0,1,0,1,0,0.936416185,,140,431,62,53.846,511,173,543,65.1265,211
443,1,0,1,0,0,0.936416185,184,163,497,69,63.96,524,200,530,78.7815,210
444,1,0,0,0,0,0.936416185,173,181,514,46,49.644,515,199,546,66.1765,216
445,1,0,0,0,0,0.936416185,156,140,422,23,24.872,452,186,432,36.27466667,158
446,1,0,0,0,0,0.936416185,199,171,491,69,54.41633333,514,193,513,51.09875,211
447,1,0,1,0,0,0.936416185,218,202,526,100,95.584,531,199,592,77.591,222
448,0,0,0,1,0,0.936416185,207,201,534,92,88.604,567,210,580,82.353,220
449,1,1,0,0,0,0.936416185,140,140,469,46,54.84333333,486,174,486,66.52666667,199
450,0,0,0,0,0,0.936416185,200,201,531,92,84.188,584,210,565,89.07575,221
451,1,0,0,1,0,0.936416185,128,188,355,46,33.476,428,173,382,38.2355,140
452,0,0,0,1,0,0.936416185,,161,393,15,51.99433333,447,151,480,43.27733333,190
453,1,0,0,1,0,0.936416185,,165,290,23,25.4275,305,168,354,20.5885,140
454,0,0,0,0,0,0.941520468,171,171,449,69,61.5385,479,175,528,58.68333333,214
455,1,0,0,0,0,0.941860465,187,178,505,62,51.13933333,506,186,498,44.11766667,203
456,1,0,0,0,0,0.941860465,158,140,419,38,69.231,493,181,556,56.30266667,216
457,1,0,0,0,0,0.941860465,193,207,530,92,77.92033333,526,204,554,52.73125,213
458,0,1,0,1,4,0.941860465,115,183,398,0,11.82333333,404,171,427,38.23533333,198
459,0,0,0,0,0,0.941860465,197,200,536,85,77.635,523,208,583,74.36975,215
460,1,0,0,1,0,0.941860465,,177,350,,30.769,364,140,395,29.412,150
461,1,1,0,1,0,0.942196532,115,167,423,8,17.735,409,166,414,20.378,174
462,1,0,0,0,0,0.942196532,199,203,543,100,92.30766667,586,215,575,85.29425,229
463,0,0,1,0,1,0.942196532,184,140,472,54,51.923,474,180,479,35.29433333,185
464,1,0,0,0,0,0.942196532,187,179,500,54,48.57533333,487,185,544,64.07575,195
465,1,0,1,0,0,0.942196532,182,184,525,100,77.92,556,204,553,69.74766667,213
466,1,0,1,0,0,0.942196532,,170,472,54,63.675,503,183,517,60.18925,197
467,0,1,0,0,0,0.942196532,177,201,514,85,70.94,514,190,513,67.0165,198
468,0,1,0,0,2,0.942196532,,196,528,,,572,210,564,62.185,203
469,0,0,1,0,0,0.942196532,165,157,462,69,48.57566667,474,140,500,68.62733333,221
470,1,0,0,0,0,0.942196532,184,200,536,62,67.66366667,526,202,510,61.44975,218
471,1,1,0,0,10,0.942196532,174,181,469,92,76.06866667,501,191,529,42.122,211
472,1,1,0,0,0,0.942196532,191,187,562,69,65.09966667,538,206,594,70.7985,219
473,1,0,0,0,0,0.942196532,218,218,607,85,77.635,599,229,611,88.2355,235
474,1,1,0,0,0,0.942196532,157,189,462,69,49.288,489,191,516,49.71966667,204
475,1,1,0,0,0,0.942196532,151,152,384,33,24.786,413,140,507,35.85433333,157
476,0,1,0,0,0,0.942196532,190,197,532,69,78.34766667,551,212,550,66.7015,220
477,1,1,0,1,0,0.942196532,172,171,425,23,45.29933333,489,173,483,75.63033333,185
478,1,1,0,0,0,0.942196532,152,185,453,77,57.40733333,516,203,527,77.31075,209
479,1,0,0,0,0,0.942196532,189,187,527,92,76.49566667,541,207,567,87.815,220
480,1,0,0,0,0,0.942196532,175,140,494,69,58.547,511,191,533,64.566,200
481,1,0,0,0,0,0.942196532,190,177,471,62,73.93133333,505,183,497,42.752,198
482,1,0,0,0,0,0.942196532,184,190,521,62,62.53533333,511,193,547,56.61775,209
483,0,0,0,0,0,0.942196532,192,190,509,62,57.40733333,532,222,556,71.4285,227
484,1,0,0,0,0,0.942196532,214,201,557,85,85.32733333,570,223,584,74.68475,214
485,1,0,0,0,0,0.942196532,205,188,494,69,63.67533333,520,198,519,57.56325,204
486,1,0,0,0,0,0.942196532,195,196,524,85,75.78333333,527,192,538,60.18925,218
487,0,0,0,0,0,0.942196532,209,199,538,100,87.89166667,559,219,600,79.937,234
488,0,0,0,0,0,0.942196532,212,210,572,100,85.32733333,577,215,587,77.591,233
489,1,0,0,0,0,0.942196532,205,180,541,100,74.644,571,204,578,77.591,225
490,0,0,1,0,0,0.942196532,192,201,524,85,81.62366667,572,226,572,80.25225,225
491,1,1,0,0,0,0.942196532,151,170,464,31,33.47566667,470,142,519,46.07866667,197
492,0,0,0,0,0,0.942196532,185,195,497,85,62.53533333,547,201,543,55.77725,209
493,1,0,0,0,0,0.942196532,195,167,490,77,62.53566667,529,209,557,64.566,206
494,0,0,1,0,0,0.942196532,190,194,531,77,72.792,555,217,551,74.36975,210
495,1,0,1,0,0,0.942196532,166,180,469,38,40.02866667,507,178,519,54.83633333,186
496,0,0,0,0,0,0.942196532,203,207,525,92,81.624,556,215,578,76.1555,215
497,1,0,1,0,0,0.942196532,190,192,529,77,80.19933333,524,195,579,67.85725,231
498,1,0,0,0,0,0.942196532,184,210,539,75,61.35,533,205,540,49.57975,221
499,1,0,1,0,0,0.942196532,182,175,479,38,39.74366667,515,192,521,53.36125,187
500,0,0,0,0,0,0.942196532,219,216,563,100,89.316,595,223,588,84.34875,235
501,0,0,0,0,0,0.942196532,219,209,539,92,65.81233333,535,195,543,72.26925,225
502,1,0,0,0,0,0.942196532,192,195,508,85,63.675,536,202,554,70.86833333,223
503,1,0,1,0,1,0.942196532,174,161,491,85,56.26766667,461,178,511,35.39875,189
504,0,1,0,0,0,0.942196532,152,140,341,,,295,,305,,162
505,1,1,0,0,0,0.942196532,153,170,403,,49.7865,439,167,455,44.53775,163
506,1,0,0,0,0,0.942196532,185,183,498,54,52.99166667,518,192,547,56.7225,209
507,1,0,0,0,0,0.942196532,196,187,514,85,69.51566667,553,205,594,76.1555,236
508,1,0,0,0,0,0.942196532,194,200,529,77,82.76333333,551,204,559,76.1555,217
509,1,1,0,0,0,0.942196532,190,182,462,15,30.912,503,191,531,61.975,205
510,0,0,0,0,0,0.942196532,179,196,511,85,76.06833333,523,203,563,62.605,214
511,1,0,0,0,0,0.942196532,165,184,461,54,52.279,489,180,478,52.521,200
512,1,0,0,0,0,0.942196532,170,191,487,92,67.664,534,196,518,53.92133333,205
513,1,0,0,0,0,0.942196532,207,185,489,77,66.95166667,539,198,550,69.64275,221
514,1,0,0,0,0,0.942196532,188,183,512,92,86.752,529,202,555,80.56725,222
515,0,0,0,0,0,0.942196532,206,195,530,92,90.45566667,536,214,558,83.193,221
516,1,0,0,0,0,0.942196532,171,143,475,69,53.27633333,510,183,522,69.32766667,197
517,1,0,0,1,0,0.942196532,75,140,335,23,47.52133333,350,148,338,37.815,162
518,1,0,0,1,0,0.944444444,,,,,,,,,,147
519,1,0,0,0,0,0.947368421,229,220,586,92,93.73233333,621,221,635,87.92,238
520,0,1,0,0,0,0.947368421,206,205,527,92,87.89166667,549,206,578,82.353,219
521,1,0,0,0,0,0.947368421,180,191,515,67,73.78933333,531,188,510,55.7775,192
522,1,1,0,0,0,0.947674419,159,174,463,31,24.644,462,203,485,31.51233333,197
523,1,0,0,0,0,0.947674419,204,219,551,100,89.316,593,226,574,80.25225,229
524,1,0,0,0,0,0.947674419,199,195,535,92,87.89166667,582,214,612,80.392,215
525,0,0,0,0,0,0.947674419,211,215,546,85,85.32733333,578,212,606,72.584,220
526,0,0,0,0,0,0.947674419,200,173,515,85,68.80333333,514,194,562,67.36666667,209
527,0,0,0,0,0,0.947674419,194,205,523,92,79.05966667,552,213,570,73.21425,215
528,1,0,0,0,1,0.947976879,189,187,541,77,69.51566667,544,204,539,76.09,199
529,1,0,0,0,0,0.947976879,211,185,569,100,93.73233333,565,206,587,82.878,225
530,1,1,0,0,0,0.947976879,225,202,530,77,80.91166667,545,215,538,70.273,217
531,1,0,0,1,0,0.947976879,145,169,424,38,30.7695,458,175,509,35.294,192
532,1,1,0,0,0,0.947976879,177,173,449,85,72.79166667,473,172,471,41.91175,191
533,1,1,0,0,0,0.947976879,174,173,473,38,49.288,498,183,493,51.68075,199
534,1,0,1,0,0,0.947976879,214,212,538,77,77.635,577,206,565,61.975,234
535,1,0,0,0,0,0.947976879,140,183,472,46,47.86333333,475,187,517,60.5045,198
536,1,0,0,0,0,0.947976879,192,196,515,69,72.507,518,201,538,63.4455,204
537,1,0,1,0,0,0.947976879,186,192,482,77,51.13966667,515,199,523,67.01675,214
538,1,0,0,0,0,0.947976879,224,204,567,92,86.04,574,215,599,89.39075,233
539,1,0,0,0,0,0.947976879,163,178,480,54,34.6155,496,193,513,46.6385,192
540,1,1,0,0,0,0.947976879,185,187,454,100,79.772,527,171,580,79.62175,237
541,1,0,0,0,0,0.947976879,202,186,486,92,70.94033333,531,206,577,70.168,209
542,1,0,0,1,0,0.947976879,158,156,481,38,31.624,487,181,496,33.473,189
543,1,0,0,0,0,0.947976879,213,206,553,85,86.03966667,585,217,585,85.81925,221
544,0,0,0,0,0,0.947976879,214,221,580,100,93.01966667,556,232,590,84.3485,244
545,1,0,0,0,0,0.947976879,171,140,461,54,53.70366667,492,177,503,40.896,200
546,0,0,0,0,0,0.947976879,192,192,514,100,77.208,552,206,543,77.941,206
547,1,0,0,0,0,0.947976879,194,179,520,69,67.23666667,516,193,544,69.608,211
548,0,0,0,0,0,0.947976879,182,197,505,62,54.416,542,198,580,79.622,217
549,1,0,0,0,0,0.947976879,211,221,539,100,84.188,593,228,568,79.09675,223
550,1,0,0,0,0,0.947976879,198,165,478,77,51.13966667,504,190,556,65.54625,217
551,0,1,0,0,0,0.947976879,176,163,476,85,56.98,477,168,521,44.85325,205
552,1,1,0,0,0,0.947976879,225,223,579,92,84.6155,584,222,583,76.05066667,240
553,0,0,0,0,0,0.947976879,231,223,590,,93.376,592,227,625,87.815,227
554,1,0,0,0,0,0.947976879,180,188,480,69,79.05966667,518,183,531,86.76475,196
555,1,0,1,0,0,0.947976879,206,200,535,92,84.188,547,203,554,63.44575,214
556,0,0,0,0,0,0.947976879,186,189,501,54,57.40733333,514,184,525,56.93275,200
557,1,0,0,0,0,0.947976879,199,198,503,38,59.97166667,529,198,555,48.9495,205
558,1,0,0,0,0,0.947976879,155,172,453,31,50.712,472,189,530,53.6765,190
559,1,0,1,0,0,0.947976879,173,169,499,69,58.26233333,473,183,500,58.26333333,189
560,1,0,0,0,0,0.947976879,200,182,494,100,72.36466667,518,187,545,71.95375,220
561,0,0,0,0,0,0.947976879,206,196,521,92,86.752,555,208,549,71.11325,216
562,1,0,0,0,0,0.947976879,176,173,479,31,60.39866667,490,172,498,54.622,181
563,1,0,0,0,0,0.947976879,172,175,429,46,43.73233333,503,189,514,69.95775,221
564,1,0,0,0,0,0.947976879,218,200,546,92,78.34766667,554,202,565,82.038,223
565,0,0,0,0,0,0.947976879,217,189,531,69,70.94033333,536,205,593,80.252,217
566,1,0,0,0,0,0.947976879,169,189,490,77,63.675,511,172,522,69.32766667,210
567,1,0,0,0,0,0.947976879,187,180,512,69,66.23933333,547,193,561,50.21025,200
568,0,0,0,0,0,0.947976879,244,235,623,100,95.584,635,242,636,85.85433333,240
569,0,1,0,0,0,0.947976879,,175,396,38,24.7865,394,151,487,31.37266667,179
570,0,0,0,0,0,0.947976879,208,198,555,77,85.32733333,556,206,557,76.99575,230
571,0,0,1,0,0,0.947976879,204,186,518,85,77.635,530,198,537,78.011,207
572,1,1,0,0,0,0.947976879,167,180,469,54,53.70366667,478,181,502,51.6805,198
573,0,0,0,0,0,0.947976879,144,178,455,38,36.04,482,181,480,46.6385,207
574,1,0,0,0,0,0.947976879,,218,561,92,85.32766667,567,217,583,79.412,232
575,0,0,0,0,0,0.947976879,228,211,575,85,92.30766667,577,241,608,86.27466667,243
576,0,0,0,0,0,0.947976879,202,191,530,85,64.38733333,522,202,551,75.84025,208
577,0,0,0,0,0,0.947976879,220,196,569,92,97.436,563,228,600,81.51266667,211
578,1,0,0,0,0,0.947976879,,187,529,54,52.70666667,547,202,564,74.68475,215
579,0,1,0,0,0,0.947976879,,173,450,58,62.5,499,184,512,59.244,201
580,0,0,0,0,0,0.948905109,181,196,,,55.556,528,197,561,81.7225,215
581,1,0,0,1,0,0.950617284,,,,,,,,399,,181
582,1,0,0,0,0,0.951219512,,194,513,92,75.356,541,203,557,72.584,218
583,1,1,0,0,0,0.952380952,,,,,47.009,443,184,513,29.55166667,168
584,1,0,0,0,0,0.953488372,183,187,498,77,74.644,502,199,519,57.248,193
585,1,0,0,0,0,0.953488372,190,163,482,,37.1045,512,180,554,44.1175,207
586,0,0,0,0,0,0.953488372,,219,584,85,86.03966667,596,222,621,84.66375,230
587,1,0,0,1,0,0.953488372,142,185,459,54,56.98,513,197,551,61.4495,214
588,1,0,0,0,0,0.953757225,184,193,534,62,65.527,560,209,570,80.252,215
589,0,0,0,0,0,0.953757225,183,179,491,77,62.53566667,548,193,542,67.0165,207
590,1,0,1,0,0,0.953757225,183,183,480,69,68.80333333,481,191,475,69.643,184
591,1,0,0,0,0,0.953757225,180,186,514,77,61.82333333,517,189,522,48.87933333,208
592,1,1,0,0,0,0.953757225,183,198,515,54,58.83166667,535,197,522,65.8615,208
593,1,1,0,0,0,0.953757225,162,194,476,92,61.5385,496,190,519,56.40725,197
594,0,1,0,0,0,0.953757225,175,173,497,77,50.641,505,189,518,57.248,196
595,1,0,0,1,0,0.953757225,154,140,412,31,35.04266667,460,154,434,41.73633333,148
596,1,0,0,0,0,0.953757225,204,211,550,85,79.487,573,216,564,86.4495,221
597,0,0,0,0,0,0.953757225,182,184,506,85,77.92,540,201,532,74.37,226
598,1,1,0,0,0,0.953757225,176,179,475,75,50.78366667,488,172,519,45.16825,192
599,1,0,0,0,0,0.953757225,213,215,570,100,94.44433333,578,219,631,79.55166667,232
600,1,1,0,0,0,0.953757225,188,186,512,85,58.11966667,501,198,492,50.525,196
601,0,0,0,0,0,0.953757225,218,218,575,92,93.02,583,228,631,89.706,226
602,0,0,0,1,0,0.953757225,176,140,450,46,55.55566667,498,188,493,63.02533333,197
603,0,1,0,0,0,0.953757225,203,203,536,85,85.32733333,582,212,586,83.50825,225
604,1,0,0,0,0,0.953757225,178,190,521,54,54.84333333,514,200,538,68.17225,215
605,1,0,0,0,0,0.953757225,192,187,498,54,52.99166667,510,193,523,51.891,198
606,1,0,0,1,0,0.953757225,164,180,478,92,63.96033333,512,200,539,69.748,207
607,1,0,0,0,0,0.953757225,200,192,470,62,36.752,452,163,494,56.40775,206
608,0,0,1,0,0,0.953757225,171,186,505,100,77.208,516,200,534,76.68075,202
609,0,0,0,0,0,0.953757225,204,209,549,100,92.30766667,563,215,579,78.7815,241
610,1,0,0,0,0,0.953757225,212,168,513,62,58.11966667,514,195,547,59.03375,201
611,0,1,0,0,0,0.953757225,218,204,551,92,83.476,591,216,586,77.94125,235
612,1,1,0,0,0,0.953757225,179,185,458,23,28.34766667,486,172,491,61.975,189
613,0,0,0,0,0,0.953757225,220,205,555,92,88.604,548,214,575,84.979,230
614,0,0,0,0,0,0.953757225,219,215,608,100,98.148,611,230,617,86.4495,245
615,0,0,0,0,0,0.953757225,200,194,535,85,80.91166667,554,204,577,77.62625,224
616,0,0,0,0,0,0.953757225,232,219,587,92,93.02,608,219,596,85.81925,237
617,0,0,0,0,0,0.953757225,232,214,575,100,96.29633333,600,226,592,95.58825,223
618,1,1,0,0,0,0.953757225,168,203,514,85,88.604,542,210,579,79.13166667,218
619,1,0,0,0,0,0.953757225,187,207,519,85,75.78333333,560,204,564,77.17066667,225
620,1,0,0,0,0,0.953757225,147,185,444,15,14.38766667,477,147,484,47.059,170
621,1,0,0,0,0,0.953757225,190,208,527,85,73.93133333,535,207,531,57.84333333,199
622,0,0,1,0,0,0.953757225,138,166,422,23,40.171,514,140,516,45.16825,214
623,1,0,0,0,0,0.953757225,204,192,539,85,88.604,513,206,561,72.584,219
624,1,0,1,0,0,0.953757225,186,174,461,38,37.89166667,499,182,518,43.69733333,202
625,1,0,0,0,0,0.953757225,177,189,506,62,79.05966667,516,183,516,63.86575,208
626,1,0,0,0,0,0.953757225,219,205,565,100,93.01966667,596,222,605,86.44975,232
627,1,0,0,0,0,0.953757225,201,187,514,83,62.037,572,206,547,68.6975,216
628,0,1,0,0,0,0.953757225,170,188,491,92,74.929,473,186,490,56.6175,194
629,1,0,0,0,0,0.953757225,210,205,543,92,85.043,564,207,583,67.437,222
630,1,0,0,0,0,0.953757225,,196,485,85,66.95166667,536,217,564,76.681,207
631,1,1,0,0,0,0.953757225,203,201,540,77,85.5205,544,208,573,70.3785,219
632,1,0,0,0,0,0.953757225,161,166,431,8,27.92,461,168,482,45.7985,179
633,1,0,0,0,0,0.953757225,190,185,513,85,75.427,538,202,536,68.62733333,218
634,0,1,0,0,0,0.953757225,167,173,423,69,52.99166667,484,140,533,41.9115,202
635,1,0,0,0,0,0.953757225,,188,523,92,80.91166667,553,213,574,69.95775,223
636,1,0,0,1,0,0.953757225,,140,340,46,27.92033333,355,140,359,17.647,156
637,1,1,0,0,0,0.953757225,,140,471,54,61.111,505,190,543,79.307,216
638,1,0,0,0,0,0.956521739,,,,,,,,573,79.972,226
639,1,0,0,1,0,0.958677686,,,,,33.333,289,169,332,,163
640,1,0,0,0,0,0.958823529,207,191,519,92,79.05966667,547,214,553,69.64275,213
641,0,0,0,0,0,0.959064327,214,210,562,92,80.91166667,609,213,589,86.76475,240
642,0,0,0,0,0,0.959183673,,185,,54,42.30766667,503,190,512,40.96625,199
643,1,0,1,0,1,0.959302326,173,177,422,38,38.6755,489,160,498,33.9285,179
644,1,0,0,0,0,0.959302326,209,221,575,77,71.36733333,579,237,599,85.014,236
645,1,0,0,0,0,0.959302326,212,214,574,85,85.32733333,594,212,605,88.23533333,234
646,1,0,0,0,0,0.959302326,197,179,483,69,58.547,540,202,564,78.43166667,203
647,0,0,0,0,0,0.959302326,,157,481,77,69.683,520,200,574,60.18925,228
648,0,1,0,0,0,0.959537572,203,168,477,92,69.231,528,210,577,42.0165,204
649,1,0,0,0,0,0.959537572,188,169,484,46,47.436,512,184,498,52.20575,192
650,1,0,0,0,0,0.959537572,190,172,481,100,77.208,528,191,553,78.011,204
651,1,0,0,0,0,0.959537572,200,170,480,77,66.95166667,513,198,533,50.21025,214
652,1,0,0,0,0,0.959537572,203,183,522,100,80.91166667,516,193,516,69.01275,206
653,1,0,0,0,0,0.959537572,177,176,507,46,41.59566667,501,193,550,37.185,203
654,0,0,0,0,0,0.959537572,140,171,395,31,29.772,458,172,441,36.5545,182
655,1,1,0,0,0,0.959537572,146,152,410,54,54.416,489,181,533,42.647,214
656,1,1,0,0,0,0.959537572,180,158,501,100,80.48433333,527,206,576,86.27433333,224
657,1,1,0,0,0,0.959537572,179,187,489,46,48.57566667,511,169,509,51.681,205
658,1,1,0,0,0,0.959537572,121,176,404,15,30.912,435,180,495,44.80475,192
659,1,1,0,0,0,0.959537572,165,180,467,15,43.44733333,475,192,476,43.067,197
660,1,0,1,0,0,0.959537572,140,194,448,77,61.23666667,500,183,531,73.73975,228
661,1,1,0,0,2,0.959537572,,153,395,,27.778,421,188,444,21.56866667,184
662,1,0,0,0,0,0.959537572,177,191,508,77,67.66366667,493,192,546,66.70175,206
663,1,0,1,0,0,0.959537572,214,193,544,77,78.34766667,554,217,544,85.85433333,241
664,1,0,0,0,0,0.959537572,198,201,531,77,64.38766667,541,207,612,75.8965,211
665,0,1,0,0,0,0.959537572,,193,479,77,77.3505,484,171,507,60.9245,201
666,1,0,0,0,0,0.959537572,198,192,518,100,79.05966667,522,199,557,64.28575,220
667,0,0,0,0,0,0.959537572,213,203,545,92,89.31633333,553,221,583,91.73666667,220
668,0,0,1,0,0,0.959537572,206,203,530,85,82.76333333,545,208,606,75.84025,225
669,0,0,0,0,0,0.959537572,194,181,542,69,75.071,573,213,569,70.86833333,226
670,1,1,0,0,0,0.959537572,158,178,480,62,52.279,490,176,532,53.466,201
671,1,0,0,0,0,0.959537572,206,203,532,92,93.73233333,585,208,580,75.63033333,219
672,0,0,0,0,0,0.959537572,198,187,519,92,63.74666667,552,195,564,45.098,202
673,1,0,0,0,0,0.959537572,199,165,517,62,58.11966667,535,189,547,63.44525,210
674,0,0,0,0,0,0.959537572,213,215,560,85,81.62366667,575,229,577,83.82375,235
675,1,0,0,0,0,0.959537572,197,181,502,85,72.79166667,527,188,533,64.28575,198
676,0,0,0,0,0,0.959537572,191,191,528,77,76.49566667,537,212,557,64.91625,206
677,1,0,0,0,0,0.959537572,227,189,546,92,87.46466667,545,219,591,87.92025,237
678,0,0,0,0,0,0.959537572,213,206,517,85,83.47566667,574,213,580,67.54225,223
679,1,0,1,0,0,0.959537572,171,199,442,92,77.208,465,194,529,63.7605,196
680,0,0,0,0,0,0.959537572,213,197,530,92,79.77233333,538,198,563,82.353,225
681,0,0,0,0,0,0.959537572,202,197,546,46,54.84333333,557,219,567,64.706,212
682,1,0,0,0,0,0.959537572,185,184,517,85,80.91166667,516,192,566,71.4285,213
683,1,0,0,0,0,0.959537572,171,181,487,92,80.91166667,543,216,558,86.76475,221
684,0,0,0,0,0,0.959537572,203,201,566,92,93.73233333,554,217,591,81.72275,216
685,0,0,1,0,0,0.959537572,209,175,515,77,79.487,530,182,576,73.372,202
686,1,0,0,0,0,0.959537572,189,199,533,85,76.923,535,198,564,78.7815,219
687,0,0,0,0,0,0.959537572,202,190,579,92,73.93166667,573,208,540,72.899,224
688,1,0,0,0,0,0.959537572,200,190,497,77,69.51566667,552,203,541,81.4075,219
689,0,0,0,0,0,0.959537572,228,206,562,85,83.47566667,608,215,621,75.52525,231
690,1,0,0,0,0,0.959537572,193,192,533,62,61.111,544,201,562,71.4285,208
691,0,0,0,0,0,0.959537572,,183,511,69,69.51566667,507,197,526,52.206,206
692,1,1,0,0,0,0.959537572,176,177,463,69,60.684,494,181,525,51.3655,190
693,1,0,0,0,0,0.959537572,187,194,508,100,85.32733333,515,198,524,86.76475,223
694,1,0,0,0,0,0.959537572,196,189,500,69,82.76333333,512,213,560,73.188,213
695,1,1,0,1,0,0.959537572,125,169,408,38,34.90066667,408,175,428,25.33925,186
696,0,0,0,0,0,0.959537572,195,171,534,85,70.0855,513,201,565,77.521,225
697,0,0,1,0,0,0.959537572,182,181,460,85,77.92,517,188,544,71.11325,190
698,0,1,0,0,0,0.959537572,185,195,507,100,92.911,531,213,562,78.46625,220
699,0,1,0,0,0,0.959537572,198,199,539,69,70.228,526,207,557,69.64275,212
700,1,0,0,1,0,0.959537572,151,140,420,92,47.721,476,183,471,49.79,187
701,1,1,0,0,0,0.961904762,,180,,,,,147,466,,191
702,1,0,0,0,0,0.962121212,,195,,,64.7435,546,202,540,69.958,224
703,0,0,0,0,0,0.9625,,,,,,,,470,35.714,177
704,1,0,0,1,0,0.964912281,165,178,453,62,76.49533333,562,187,521,72.26925,202
705,0,1,0,0,0,0.965116279,150,188,371,54,38.604,470,140,448,29.972,186
706,1,0,0,1,0,0.965116279,173,182,474,69,62.53566667,497,188,486,60.64433333,199
707,1,0,0,0,0,0.965317919,192,167,483,77,68.376,495,184,528,40.231,195
708,1,0,0,0,0,0.965317919,203,194,546,77,73.21933333,562,211,569,75.00025,227
709,1,1,0,0,0,0.965317919,169,168,445,31,36.46733333,485,169,503,21.98866667,156
710,1,0,0,0,0,0.965317919,179,177,480,46,37.89166667,496,178,518,47.19866667,187
711,0,1,0,0,0,0.965317919,171,182,481,,69.658,521,184,516,59.03375,207
712,0,1,0,0,0,0.965317919,144,166,434,46,64.38766667,488,171,491,69.643,198
713,0,1,0,0,0,0.965317919,161,188,507,77,70.65533333,526,202,564,51.54066667,206
714,1,0,0,0,0,0.965317919,187,194,528,77,70.65533333,564,213,554,74.0545,219
715,1,1,0,0,0,0.965317919,,166,419,38,42.534,413,159,488,,202
716,1,0,0,1,0,0.965317919,,174,467,62,58.547,482,168,512,28.3615,182
717,1,0,0,0,0,0.965317919,218,203,538,92,86.04,567,216,594,92.157,223
718,1,0,0,0,0,0.965317919,177,186,486,85,58.83166667,490,185,522,53.9915,214
719,1,1,0,0,0,0.965317919,132,173,454,38,31.624,462,166,468,16.597,195
720,1,0,0,0,0,0.965317919,184,191,532,62,63.675,519,197,533,64.916,213
721,0,1,0,0,0,0.965317919,192,202,541,69,79.05966667,559,216,590,81.4075,216
722,1,0,0,0,0,0.965317919,177,182,468,54,51.852,478,154,489,48.03933333,195
723,0,0,0,0,0,0.965317919,177,208,511,77,58.832,532,208,552,62.60475,204
724,1,0,0,0,0,0.965317919,197,192,507,69,63.96,521,203,534,65.406,216
725,0,0,0,0,0,0.965317919,199,183,478,85,81.62366667,535,210,553,75.525,234
726,1,0,0,1,0,0.965317919,169,179,489,69,65.812,503,197,504,57.248,206
727,0,0,0,0,0,0.965317919,193,194,515,69,76.49566667,552,197,536,64.0755,212
728,1,1,0,0,0,0.965317919,138,178,406,50,36.89466667,428,183,472,51.6805,179
729,1,1,0,0,0,0.965317919,185,175,461,46,31.624,474,193,516,39.07566667,198
730,0,0,1,0,0,0.965317919,209,188,528,77,79.05966667,528,206,608,78.01133333,212
731,0,0,0,0,0,0.965317919,214,214,551,100,87.89166667,538,225,537,71.4285,225
732,1,0,0,0,0,0.965317919,205,206,564,92,80.19933333,565,216,574,63.4455,209
733,1,0,0,0,0,0.965317919,190,192,511,85,73.21933333,530,189,561,67.36666667,196
734,1,0,0,0,0,0.965317919,199,198,512,92,70.228,551,209,548,74.37,222
735,0,0,0,0,0,0.965317919,207,210,544,85,77.635,585,215,600,89.70575,238
736,1,0,0,0,0,0.965317919,231,212,580,100,88.604,611,223,609,85.29425,222
737,1,0,1,0,0,0.965317919,209,190,533,77,76.49566667,528,207,565,75.84025,223
738,1,0,0,0,0,0.965317919,174,183,526,54,60.68366667,514,190,542,64.0755,206
739,1,0,0,0,0,0.965317919,228,225,601,92,84.188,595,225,612,88.23525,248
740,0,0,0,0,0,0.965317919,203,209,531,100,78.34766667,546,215,597,84.979,220
741,1,0,0,0,0,0.965317919,194,184,475,,76.282,510,183,566,72.549,204
742,0,0,0,0,0,0.965317919,184,167,522,69,54.84333333,535,197,568,69.74766667,215
743,1,1,0,0,0,0.965317919,163,166,420,62,77.208,466,180,468,46.95375,185
744,1,0,0,1,0,0.965317919,157,177,459,46,38.604,473,165,509,61.1345,193
745,1,0,1,0,0,0.965317919,188,191,520,69,59.97166667,514,196,516,63.76025,195
746,0,0,0,0,0,0.965317919,194,193,522,85,56.25933333,525,197,545,67.8575,211
747,0,0,0,0,0,0.965317919,224,229,602,85,87.17933333,621,232,633,89.70575,239
748,1,0,0,0,0,0.965317919,200,202,525,62,71.36733333,541,212,554,73.24933333,210
749,0,0,0,0,0,0.965317919,196,204,550,92,85.32766667,542,216,548,79.0965,228
750,0,0,0,0,0,0.965317919,180,186,503,62,57.40733333,507,197,523,60.50425,196
751,1,0,1,0,0,0.965317919,206,184,526,85,68.80333333,542,196,531,76.1555,209
752,1,0,0,0,0,0.965317919,195,173,496,92,72.792,517,205,540,71.42875,212
753,1,1,0,0,0,0.965317919,177,168,475,8,23.64666667,483,179,473,31.828,172
754,0,0,0,0,0,0.965317919,224,217,593,85,86.752,568,218,581,82.353,230
755,1,1,0,0,0,0.965317919,206,205,556,69,75.78366667,536,194,555,86.4495,213
756,1,0,1,0,1,0.965317919,199,180,470,38,43.875,495,140,521,44.01266667,190
757,1,0,0,0,0,0.965317919,171,175,498,85,61.396,491,180,514,44.958,201
758,0,0,0,0,0,0.965317919,188,184,537,62,68.091,534,208,555,64.28575,215
759,1,1,0,0,0,0.965317919,194,166,516,85,75.071,538,192,490,43.27733333,205
760,0,0,0,0,0,0.965317919,228,212,572,77,87.17933333,583,233,583,79.972,223
761,1,0,0,0,0,0.965317919,196,209,545,100,81.62366667,556,214,590,77.17066667,218
762,0,0,1,0,0,0.965317919,198,194,515,69,66.95166667,563,204,598,71.11325,223
763,1,0,0,0,0,0.965317919,201,181,495,77,72.792,532,200,581,72.269,222
764,1,1,0,1,0,0.965317919,75,140,424,31,27.635,425,153,472,32.563,189
765,0,0,0,0,0,0.965317919,199,194,519,85,60.68366667,549,204,572,70.58833333,229
766,1,0,0,1,0,0.965317919,119,177,340,31,33.90333333,385,149,436,62.60533333,162
767,0,0,0,0,0,0.965317919,229,218,573,92,86.752,563,226,607,86.1345,230
768,1,0,0,0,0,0.965317919,,140,506,77,56.98033333,514,191,520,59.104,200
769,0,0,0,0,0,0.965517241,,,,,,,,,,245
770,1,0,0,0,0,0.96969697,,,,,,,216,562,74.5795,226
771,1,0,0,0,0,0.970760234,,201,557,77,64.38766667,540,210,567,80.56725,228
772,1,0,0,0,0,0.970760234,227,210,561,100,100,598,224,595,92.647,240
773,1,0,0,0,0,0.970930233,154,189,464,15,34.33066667,482,162,514,52.80133333,185
774,1,0,1,0,0,0.970930233,155,140,463,23,39.45866667,481,173,487,67.367,180
775,1,0,0,1,0,0.970930233,172,140,459,54,45.584,512,195,518,44.0125,193
776,1,0,0,0,0,0.970930233,191,169,463,69,51.13966667,475,187,539,63.02533333,203
777,1,0,0,0,0,0.970930233,171,183,425,,36.5385,499,181,498,48.87966667,196
778,0,0,0,0,0,0.970930233,186,199,513,69,60.684,501,177,519,48.94925,213
779,1,0,1,1,0,0.970930233,136,181,383,38,41.59566667,411,176,502,30.392,197
780,0,1,0,0,0,0.971098266,189,195,461,92,75.78366667,497,185,552,64.0755,190
781,1,0,0,0,0,0.971098266,179,198,511,54,66.524,533,194,544,62.29,209
782,1,0,0,0,0,0.971098266,184,185,479,62,46.01133333,539,155,577,54.342,205
783,0,1,0,0,0,0.971098266,168,140,503,46,44.15966667,523,176,510,48.10925,198
784,1,0,0,0,0,0.971098266,190,167,510,92,69.80066667,520,208,538,64.566,228
785,1,1,0,1,0,0.971098266,169,182,488,54,55.55566667,472,185,515,71.6385,202
786,1,1,0,0,0,0.971098266,178,171,508,69,66.95166667,558,183,554,77.591,219
787,0,0,0,0,0,0.971098266,170,184,517,54,55.55566667,514,201,526,44.958,201
788,1,0,0,0,0,0.971098266,182,188,508,92,84.188,546,203,570,76.1555,209
789,1,0,0,0,0,0.971098266,180,177,462,31,35.32733333,477,180,493,51.891,195
790,1,1,0,0,0,0.971098266,186,140,405,85,48.148,430,180,490,51.3655,176
791,0,0,0,0,0,0.971098266,204,199,558,92,93.02,547,214,557,81.7225,225
792,1,0,0,0,0,0.971098266,193,183,496,62,50,516,197,522,53.22133333,195
793,1,0,0,0,0,0.971098266,195,202,542,69,70.7265,542,194,564,77.591,218
794,0,0,0,0,0,0.971098266,187,200,513,62,75.78333333,525,211,549,83.19325,206
795,1,0,0,1,0,0.971098266,165,140,462,46,36.752,497,183,515,43.27733333,193
796,1,0,0,0,0,0.971098266,204,140,489,77,70.22766667,523,210,530,65.86125,219
797,0,0,0,0,0,0.971098266,198,200,561,92,92.094,552,215,585,80.252,230
798,0,1,0,0,0,0.971098266,202,203,531,85,78.34733333,552,215,566,73.21425,228
799,0,0,0,0,0,0.971098266,212,183,514,85,81.62366667,526,204,544,71.1135,213
800,1,1,0,0,1,0.971098266,147,140,421,69,43.73233333,449,191,522,45.48325,182
801,0,0,0,0,0,0.971098266,203,164,492,92,91.88033333,526,190,526,66.10633333,206
802,0,0,0,0,0,0.971098266,211,203,608,92,93.02,579,223,559,87.395,233
803,0,0,0,0,0,0.971098266,228,224,586,100,93.73233333,611,227,624,91.1765,233
804,1,0,0,0,0,0.971098266,181,173,504,54,56.26766667,526,188,527,69.958,212
805,0,0,0,0,0,0.971098266,203,201,526,62,70.655,549,195,535,74.36975,213
806,1,0,1,0,0,0.971098266,162,181,479,85,72.344,508,179,532,46.91866667,175
807,1,0,0,0,0,0.971098266,211,216,552,100,86.04,596,230,568,83.47333333,230
808,0,0,0,0,0,0.971098266,215,211,544,85,70.22766667,561,212,591,76.47066667,227
809,0,0,0,0,0,0.971098266,217,207,600,92,90.45566667,596,232,608,76.99575,232
810,0,0,0,0,0,0.971098266,203,195,536,92,87.89166667,538,197,569,74.68475,224
811,1,0,0,0,0,0.971098266,208,211,547,85,77.92,571,225,559,77.591,228
812,0,0,0,0,0,0.971098266,200,223,553,85,89.74333333,530,194,565,71.28833333,195
813,1,0,0,0,0,0.971098266,196,195,494,85,68.80333333,522,186,549,61.97475,197
814,0,0,0,0,0,0.971098266,221,226,592,100,93.01966667,596,219,606,88.23525,234
815,0,0,0,0,0,0.971098266,217,222,606,92,95.584,606,247,616,87.605,236
816,0,0,0,0,0,0.971098266,184,189,497,62,61.82333333,521,210,527,69.64275,223
817,0,0,0,1,0,0.971098266,165,165,456,54,41.168,493,191,523,47.269,203
818,1,1,0,0,0,0.971098266,127,185,429,100,75.356,552,203,555,81.4075,218
819,0,0,0,0,0,0.971098266,211,205,530,100,88.604,561,219,565,82.87825,230
820,0,0,0,0,0,0.971098266,208,217,578,100,75.356,590,220,574,86.76475,227
821,0,0,0,0,0,0.971098266,186,189,493,75,64.45866667,508,183,516,70.5885,198
822,0,0,1,0,0,0.971098266,164,181,481,85,75.78333333,516,191,547,67.542,202
823,0,0,0,0,0,0.971098266,189,166,494,46,60.684,516,199,523,63.76025,186
824,1,0,0,0,0,0.971098266,216,216,592,92,83.476,588,220,590,82.35275,232
825,0,0,0,0,0,0.971098266,214,216,567,85,78.34733333,570,222,569,83.19325,232
826,1,0,0,0,0,0.971098266,197,203,527,85,91.168,546,218,560,72.12866667,232
827,1,0,0,0,0,0.971098266,213,206,575,92,83.476,589,213,552,80.25225,234
828,0,0,0,0,0,0.971098266,211,204,539,77,80.19933333,578,217,596,83.19325,236
829,1,0,0,0,0,0.971098266,232,199,560,100,89.74366667,565,212,570,75.21,217
830,1,1,0,0,0,0.971098266,168,143,439,77,79.05966667,515,192,525,59.664,199
831,0,0,0,0,0,0.971098266,142,166,418,23,32.33633333,469,187,472,30.67233333,178
832,1,0,1,0,0,0.971098266,157,180,433,40,57.493,465,174,481,56.09275,191
833,1,0,0,0,0,0.971098266,174,196,500,92,90.5985,532,208,540,65.756,214
834,1,0,0,0,0,0.971098266,228,227,607,100,94.87166667,598,231,607,84.34875,248
835,1,0,0,0,0,0.971098266,179,189,492,85,92.30766667,531,204,529,58.26366667,216
836,1,0,0,0,0,0.971098266,207,188,522,77,77.92,514,194,512,58.08825,207
837,0,0,0,0,0,0.971098266,,177,,92,81.624,,209,,78.7815,210
838,1,0,0,0,0,0.971098266,151,168,418,23,33.90333333,474,146,466,60.5045,185
839,1,0,0,0,0,0.971098266,166,175,490,77,65.09966667,509,140,531,83.47333333,211
840,1,0,0,0,0,0.971098266,208,201,557,92,92.30766667,590,227,594,88.23533333,232
841,1,0,0,1,0,0.971098266,167,185,498,69,59.54433333,516,168,508,54.51675,202
842,0,0,0,1,0,0.971098266,179,160,498,46,38.604,506,191,542,46.95375,203
843,1,1,0,1,0,0.971098266,75,171,394,92,71.93733333,432,174,589,50.9455,200
844,1,1,0,0,0,0.971098266,142,170,432,85,64.38733333,469,174,511,54.622,173
845,1,0,0,1,0,0.971098266,75,140,381,31,27.849,408,173,431,37.18475,182
846,1,0,0,0,0,0.971098266,167,196,462,54,49.288,515,184,526,54.307,204
847,1,0,0,1,0,0.971098266,172,140,339,15,37.607,363,178,389,35.08375,140
848,1,0,0,1,0,0.971428571,,,,46,42.59266667,351,144,375,40.89633333,172
849,1,1,0,0,0,0.972972973,179,149,,,,,199,480,47.899,191
850,0,0,0,0,0,0.974193548,206,192,518,100,87.46433333,541,215,591,73.24933333,217
851,1,0,0,1,0,0.976608187,185,191,493,92,79.77233333,511,205,570,64.07575,224
852,0,0,1,0,0,0.976744186,209,187,516,92,68.09133333,541,187,526,50.84033333,219
853,0,0,1,0,0,0.976744186,186,165,468,38,60.8975,540,205,538,71.28833333,191
854,1,0,0,0,0,0.976878613,167,183,480,100,94.87166667,517,194,547,75.21,220
855,1,0,0,0,2,0.976878613,200,180,527,85,59.54433333,562,187,524,52.801,201
856,1,0,0,0,0,0.976878613,211,202,550,62,47.86333333,514,193,567,60.50425,208
857,1,0,1,0,0,0.976878613,185,164,490,77,66.95166667,514,181,546,71.74375,193
858,1,0,0,0,0,0.976878613,176,183,491,77,68.80333333,522,205,524,64.91625,202
859,1,1,0,0,0,0.976878613,187,186,477,92,83.04833333,526,188,522,81.72275,202
860,1,0,0,0,0,0.976878613,176,168,492,69,62.53566667,500,197,531,61.48466667,208
861,1,1,0,0,0,0.976878613,176,,394,,,391,,481,,158
862,1,1,0,0,0,0.976878613,187,172,470,92,73.50433333,514,185,516,69.748,199
863,1,0,1,0,0,0.976878613,170,168,495,92,65.81233333,573,190,595,46.954,222
864,1,0,0,1,0,0.976878613,177,185,497,92,75.356,519,197,518,77.626,201
865,1,0,0,0,0,0.976878613,194,202,534,92,72.08,547,201,530,60.64433333,216
866,1,0,0,1,0,0.976878613,181,189,491,54,52.99166667,506,199,558,74.5795,216
867,0,0,0,1,0,0.976878613,148,140,423,54,51.852,497,185,506,48.03933333,204
868,0,0,0,0,0,0.976878613,208,194,531,77,73.93133333,556,212,554,71.1135,218
869,0,0,0,0,0,0.976878613,189,190,481,85,72.07966667,503,194,543,44.853,199
870,1,0,0,0,0,0.976878613,183,181,491,62,43.01966667,501,193,525,56.723,205
871,1,0,1,0,0,0.976878613,223,194,547,85,89.74333333,570,209,600,84.31366667,213
872,1,0,1,0,0,0.976878613,165,173,472,46,58.11966667,494,193,537,61.90466667,214
873,0,1,0,0,0,0.976878613,231,212,572,92,97.436,600,229,618,84.66375,239
874,0,0,0,0,0,0.976878613,218,214,559,92,87.89166667,583,219,605,82.03775,235
875,0,1,0,0,0,0.976878613,189,189,525,85,60.68366667,518,197,553,49.26475,202
876,1,0,1,0,0,0.976878613,177,164,399,23,43.01966667,500,140,492,49.895,198
877,0,0,0,0,0,0.976878613,174,198,518,77,68.376,533,202,558,68.17225,208
878,0,0,0,0,0,0.976878613,197,183,501,69,55.55566667,528,189,534,52.381,198
879,0,1,0,1,0,0.976878613,155,140,435,38,42.308,487,190,484,52.801,192
880,0,0,0,0,0,0.976878613,219,207,545,92,85.32766667,554,212,586,80.392,235
881,1,0,0,0,0,0.976878613,198,194,529,77,56.98033333,520,201,529,67.017,206
882,1,0,0,0,0,0.976878613,217,188,514,92,79.77233333,543,204,539,82.353,218
883,1,0,0,0,0,0.976878613,178,140,451,54,63.675,500,190,517,56.93275,203
884,1,0,0,0,0,0.976878613,183,192,519,100,91.168,551,224,558,77.521,229
885,1,0,0,0,0,0.976878613,187,179,519,77,71.36733333,529,202,549,77.17066667,217
886,1,0,0,0,0,0.976878613,188,196,528,100,89.316,537,215,564,85.29425,218
887,1,0,0,0,0,0.976878613,210,207,543,92,87.89166667,546,214,571,74.36975,218
888,1,0,1,0,0,0.976878613,182,181,479,100,86.111,513,175,594,73.2145,200
889,1,0,0,1,0,0.976878613,169,191,497,77,75.78333333,541,193,536,70.86866667,208
890,1,1,0,0,0,0.976878613,191,191,495,77,72.07966667,515,186,544,79.55166667,212
891,0,0,0,0,0,0.976878613,225,226,600,92,89.74366667,593,227,588,84.66375,246
892,0,0,0,0,0,0.976878613,218,217,575,92,86.752,590,229,610,89.39075,225
893,1,0,0,0,0,0.976878613,194,188,567,100,86.752,558,202,564,87.605,218
894,0,0,1,0,0,0.976878613,174,174,512,85,65.3845,512,199,529,58.26333333,211
895,1,0,0,0,0,0.976878613,212,202,546,100,84.188,575,208,564,76.47033333,217
896,0,0,0,0,0,0.976878613,226,235,580,100,94.87166667,,231,591,82.878,231
897,1,0,0,0,0,0.976878613,177,179,507,69,50.71233333,527,190,527,76.05033333,205
898,1,0,0,0,0,0.976878613,177,191,458,85,49.28766667,486,170,509,46.63875,190
899,1,0,0,0,0,0.976878613,181,140,462,23,33.476,514,183,496,52.836,178
900,0,0,0,0,0,0.976878613,205,209,528,85,86.03966667,539,195,562,76.99575,223
901,0,0,0,0,0,0.976878613,176,190,487,69,66.95166667,506,193,522,56.72266667,204
902,1,0,0,0,0,0.976878613,,179,480,62,73.21933333,517,199,523,64.916,210
903,1,0,0,0,0,0.976878613,169,164,474,62,50,517,182,500,52.206,191
904,0,0,0,0,0,0.976878613,197,196,537,85,73.21933333,570,214,579,83.89333333,228
905,1,0,0,0,0,0.976878613,237,239,599,92,87.17966667,598,231,625,82.353,230
906,1,0,1,1,0,0.976878613,174,182,461,54,60.399,505,185,522,53.22133333,215
907,1,0,0,0,0,0.976878613,180,207,531,77,68.80333333,553,211,569,70.58833333,210
908,1,0,0,0,0,0.976878613,,183,478,62,51.13933333,503,193,529,46.95375,199
909,1,0,0,0,0,0.980769231,,,,,,,,534,,206
910,0,0,0,0,0,0.981132075,,,,,,,198,540,78.7815,216
911,0,1,0,0,0,0.98245614,155,175,474,85,82.76333333,485,184,483,56.93275,189
912,1,1,0,0,0,0.98255814,177,192,499,85,57.69233333,517,197,536,63.44533333,207
913,1,1,0,0,0,0.98255814,75,180,411,46,34.90033333,443,177,414,32.458,187
914,1,0,0,0,0,0.98255814,183,189,521,85,73.93133333,516,188,575,76.33066667,214
915,1,0,0,0,0,0.98255814,167,193,500,62,72.4355,514,191,520,61.975,189
916,1,0,1,0,0,0.98255814,154,177,450,62,48.57533333,479,174,529,40.126,189
917,0,0,0,0,0,0.98255814,205,209,529,85,82.76333333,569,208,556,83.89366667,231
918,1,0,0,0,0,0.98255814,209,201,532,92,90.45566667,560,202,567,89.391,241
919,1,0,0,0,0,0.98265896,175,186,494,69,58.832,519,184,520,69.01275,197
920,1,0,0,0,0,0.98265896,187,177,515,69,54.13133333,518,203,536,59.87375,199
921,1,0,0,0,0,0.98265896,175,171,440,62,65.09933333,495,184,506,62.81525,195
922,1,0,0,0,0,0.98265896,199,192,517,92,68.09133333,556,200,555,62.81525,200
923,1,0,0,0,0,0.98265896,182,194,520,85,59.54433333,517,194,523,59.874,211
924,1,1,0,0,0,0.98265896,146,140,425,,31.25,388,168,499,,196
925,1,0,1,0,0,0.98265896,171,140,457,15,29.48733333,471,174,474,41.03633333,210
926,1,0,0,0,0,0.98265896,179,192,486,77,61.396,522,186,518,48.7395,211
927,0,0,0,0,0,0.98265896,178,193,505,77,70.22766667,524,210,548,77.62625,219
928,1,1,0,1,0,0.98265896,168,140,455,46,39.03166667,451,178,429,30.98725,178
929,0,0,0,0,0,0.98265896,,205,595,92,87.89166667,577,224,569,78.4665,228
930,0,0,1,0,0,0.98265896,206,193,485,77,66.23933333,555,226,589,52.20575,215
931,1,0,0,0,0,0.98265896,184,140,474,38,37.17966667,514,182,512,42.99733333,195
932,1,0,0,0,0,0.98265896,222,227,587,92,79.48733333,594,214,597,88.23525,237
933,1,0,0,0,0,0.98265896,189,192,528,77,65.812,521,199,528,60.64433333,205
934,0,0,0,0,0,0.98265896,218,205,583,92,97.436,585,220,603,85.294,252
935,0,0,0,1,0,0.98265896,169,177,506,54,46.72366667,514,176,524,45.65833333,200
936,1,0,0,0,0,0.98265896,219,209,571,100,87.89166667,610,220,603,82.038,225
937,1,1,0,0,0,0.98265896,175,165,392,69,54.06,357,150,451,,166
938,1,1,0,0,0,0.98265896,163,172,410,46,45.584,403,189,500,29.5165,185
939,1,0,0,0,0,0.98265896,171,187,459,54,59.54433333,519,184,512,70.4835,207
940,1,0,0,0,0,0.98265896,164,183,498,54,55.55566667,522,188,588,60.5045,202
941,1,0,1,0,0,0.98265896,,140,446,31,35.32733333,485,172,510,32.14275,195
942,1,0,0,0,0,0.98265896,167,140,469,46,48.29066667,503,184,513,52.381,206
943,1,1,0,0,0,0.98265896,175,188,501,62,57.40733333,527,205,536,66.38675,204
944,1,0,0,1,0,0.98265896,159,173,464,54,58.83166667,497,195,507,60.9245,209
945,1,0,0,0,0,0.98265896,176,168,494,85,71.36733333,513,207,540,71.28833333,207
946,0,0,0,0,0,0.98265896,189,183,509,85,73.93133333,509,201,531,60.81925,204
947,0,0,0,0,0,0.98265896,177,140,454,69,80.19933333,499,206,513,44.538,195
948,1,0,0,0,0,0.98265896,202,175,468,100,79.05966667,541,188,533,55.46225,194
949,1,0,0,0,0,0.98265896,221,235,611,100,97.436,618,237,632,90.8615,246
950,0,1,0,0,0,0.98265896,229,228,612,100,91.168,618,242,603,92.01675,240
951,0,0,0,0,0,0.98265896,195,191,515,77,72.07966667,536,205,544,70.028,212
952,0,0,0,0,0,0.98265896,189,176,513,69,56.98033333,525,189,534,79.55166667,210
953,0,0,0,0,0,0.98265896,208,208,554,92,87.17966667,585,213,607,76.15525,226
954,0,0,0,0,0,0.98265896,218,219,606,85,94.87166667,626,233,623,89.391,249
955,0,0,0,0,0,0.98265896,232,216,583,92,89.74366667,594,221,596,82.353,241
956,0,0,0,0,0,0.98265896,192,185,512,69,65.09966667,524,203,530,71.70866667,217
957,0,0,0,0,0,0.98265896,177,176,488,46,39.74366667,492,187,523,38.34025,206
958,0,0,0,0,0,0.98265896,211,200,537,85,77.92,544,216,582,70.5885,227
959,0,0,0,0,0,0.98265896,195,198,523,85,68.80333333,526,202,554,81.72275,218
960,1,0,0,0,0,0.98265896,176,179,490,54,45.584,533,193,538,45.37833333,216
961,0,0,0,0,0,0.98265896,204,220,524,100,82.05133333,534,221,533,57.563,217
962,1,0,0,0,0,0.98265896,200,181,487,54,48.148,527,165,531,59.664,201
963,1,0,0,0,0,0.98265896,179,183,491,69,64.38766667,507,187,519,61.48433333,197
964,0,0,0,0,0,0.98265896,190,188,493,77,69.51566667,534,184,558,75.52525,214
965,0,1,0,0,0,0.98265896,208,201,510,100,94.87166667,573,216,584,62.60533333,229
966,1,0,1,0,0,0.98265896,191,184,488,77,57.69233333,495,193,535,65.231,196
967,1,1,0,0,0,0.98265896,163,182,470,85,76.923,470,194,512,43.69725,204
968,0,0,0,0,0,0.98265896,156,171,451,54,51.13966667,493,182,524,61.66,202
969,0,0,0,0,0,0.98265896,174,178,475,77,49.57266667,492,188,512,41.1765,185
970,1,0,0,0,0,0.98265896,201,191,521,100,83.04833333,547,212,566,81.09275,217
971,1,0,1,0,0,0.98265896,140,172,423,23,28.34766667,449,154,460,54.30675,210
972,1,0,0,0,0,0.98265896,197,207,556,92,88.604,578,232,601,84.97925,235
973,1,0,0,0,0,0.98265896,165,167,478,62,57.83466667,491,175,511,52.381,215
974,1,0,0,0,0,0.98265896,179,171,510,69,68.80333333,522,190,517,62.29,207
975,1,1,0,0,0,0.98265896,200,140,462,92,59.54433333,500,173,505,50.52525,199
976,1,0,0,0,0,0.98265896,197,215,585,100,93.01966667,601,231,625,78.78125,234
977,1,1,0,0,0,0.98265896,118,161,409,15,21.36766667,423,166,512,55.042,185
978,0,0,0,0,0,0.98265896,190,190,488,54,55.55566667,516,201,531,50.42025,205
979,1,0,0,0,0,0.98265896,177,182,483,77,69.80066667,492,183,515,64.91625,194
980,1,0,0,0,0,0.98265896,173,177,499,77,83.47566667,511,198,534,72.82933333,216
981,1,0,0,0,1,0.98265896,212,208,559,69,80.19933333,569,211,585,73.21425,227
982,1,0,0,0,0,0.98265896,209,193,531,85,73.21933333,600,203,573,67.437,200
983,1,0,0,0,0,0.98265896,192,210,558,77,73.93133333,587,225,582,81.93266667,224
984,1,0,1,0,0,0.98265896,188,187,508,69,79.48733333,498,189,538,55.88233333,208
985,1,1,0,0,0,0.98265896,196,203,414,69,73.93166667,453,192,553,66.7015,208
986,0,0,0,0,0,0.98265896,204,186,512,77,54.84333333,536,208,567,71.24475,222
987,1,1,0,1,0,0.98265896,128,175,435,31,35.32733333,470,191,500,59.0335,192
988,1,0,1,0,0,0.98265896,140,169,446,77,83.47566667,497,183,519,43.6975,199
989,0,0,0,0,0,0.986842105,,,,,,,,579,79.55166667,220
990,1,0,0,0,0,0.987951807,172,146,462,69,62.3935,507,193,514,45.69325,202
991,1,1,0,0,0,0.988304094,178,182,468,54,52.99166667,477,140,502,42.43675,197
992,1,1,0,0,0,0.988372093,144,169,420,92,87.89166667,543,186,539,75.21025,202
993,1,0,0,0,0,0.988372093,159,144,487,54,37.46433333,494,173,517,78.011,199
994,0,0,0,0,0,0.988372093,186,167,519,92,89.74366667,551,213,558,79.972,221
995,0,0,1,0,0,0.988372093,215,204,582,,92.3075,554,216,612,83.1935,229
996,1,0,0,0,0,0.988372093,179,183,512,62,84.61533333,509,185,542,65.86125,208
997,1,0,0,1,0,0.988439306,161,147,432,31,30.91166667,476,171,482,48.45933333,184
998,1,0,0,0,0,0.988439306,191,184,498,23,47.151,511,181,535,64.39075,223
999,1,1,0,0,0,0.988439306,179,180,491,54,46.01133333,513,195,529,67.017,197
1000,1,0,0,1,0,0.988439306,167,185,468,46,49.288,508,179,509,62.605,196
1001,1,1,0,0,0,0.988439306,184,174,482,69,65.171,478,166,498,39.706,192
1002,1,1,0,0,0,0.988439306,179,180,475,,71.795,464,168,480,58.7185,189
1003,1,1,0,0,0,0.988439306,167,191,499,69,68.80333333,518,181,546,69.11775,207
1004,1,0,1,0,0,0.988439306,178,166,491,100,69.51566667,517,196,553,55.18233333,211
1005,1,1,0,0,0,0.988439306,158,140,451,62,60.68366667,436,193,513,46.3235,189
1006,1,1,0,0,0,0.988439306,151,178,405,23,50,478,170,515,51.26066667,158
1007,1,1,0,0,0,0.988439306,176,163,481,85,53.70366667,503,184,514,46.49833333,202
1008,0,0,0,0,0,0.988439306,201,189,527,92,79.05966667,558,202,580,79.972,216
1009,1,0,0,0,0,0.988439306,196,192,515,77,56.98033333,528,198,552,67.787,211
1010,1,0,0,0,0,0.988439306,166,168,420,31,28.34766667,458,140,502,45.588,181
1011,0,0,0,0,0,0.988439306,205,203,534,100,90.45566667,557,217,581,87.81533333,221
1012,0,1,0,1,0,0.988439306,142,181,408,23,40.88333333,413,143,459,33.053,182
1013,1,0,0,0,0,0.988439306,194,200,513,62,64.81466667,521,201,522,68.90766667,209
1014,0,0,0,0,0,0.988439306,198,195,517,85,61.396,529,217,556,69.958,224
1015,1,0,0,0,0,0.988439306,204,193,543,85,68.162,554,194,551,85.01366667,224
1016,0,0,0,0,0,0.988439306,189,163,496,92,70.94033333,505,204,539,68.90766667,210
1017,0,0,0,0,0,0.988439306,221,217,555,92,84.61533333,599,217,615,85.29425,238
1018,0,1,0,0,0,0.988439306,186,182,462,23,35.32766667,511,177,491,54.762,205
1019,1,0,0,0,0,0.988439306,192,191,513,46,51.567,536,213,522,68.6975,210
1020,0,0,0,0,0,0.988439306,168,180,478,69,65.09966667,520,204,550,58.26366667,220
1021,0,0,0,0,0,0.988439306,198,203,568,100,95.584,579,219,581,77.62625,224
1022,0,0,0,0,0,0.988439306,190,197,521,92,91.88033333,559,207,574,74.79,217
1023,1,1,0,0,0,0.988439306,144,170,461,38,31.624,479,179,496,44.53766667,195
1024,1,0,1,0,0,0.988439306,161,158,427,69,57.69233333,503,173,546,72.58425,202
1025,1,0,0,1,0,0.988439306,168,192,471,54,49.288,511,185,511,51.961,197
1026,1,0,0,0,0,0.988439306,208,213,512,100,70.94033333,551,204,548,71.4285,226
1027,0,0,0,0,0,0.988439306,224,223,575,100,92.30766667,599,228,633,90.19633333,245
1028,0,0,0,0,0,0.988439306,194,190,524,69,57.69233333,510,198,541,51.36575,197
1029,0,0,0,0,0,0.988439306,162,174,480,92,81.909,510,188,515,69.328,200
1030,0,0,0,0,0,0.988439306,,193,522,85,92.30766667,566,216,594,73.42425,215
1031,1,0,0,0,0,0.988439306,203,210,564,85,79.05966667,550,216,563,83.19325,224
1032,0,0,0,0,0,0.988439306,189,186,520,92,76.49566667,526,210,522,71.1135,203
1033,1,0,0,0,0,0.988439306,205,198,525,85,73.21933333,546,196,551,69.53775,209
1034,1,0,0,0,0,0.988439306,217,225,577,77,82.05133333,584,212,611,82.353,226
1035,1,0,0,0,0,0.988439306,176,184,511,92,76.49566667,514,198,516,68.4875,219
1036,0,1,0,0,0,0.988439306,205,208,557,92,79.77233333,550,215,593,77.311,214
1037,0,1,0,0,0,0.988439306,164,157,443,85,73.21933333,495,148,482,64.811,206
1038,0,0,0,0,0,0.988439306,191,183,519,77,67.66366667,496,190,561,55.77725,212
1039,0,0,0,0,0,0.988439306,189,198,528,77,66.95166667,533,215,555,57.248,214
1040,1,0,0,0,0,0.988439306,202,175,503,85,57.40733333,526,196,558,54.62175,221
1041,1,0,0,0,0,0.988439306,165,160,437,77,81.62366667,461,185,520,54.34166667,194
1042,1,0,0,0,0,0.988439306,216,205,511,77,75.78333333,545,206,573,62.60533333,221
1043,1,0,0,0,0,0.988439306,229,215,562,92,93.02,618,221,606,89.706,228
1044,1,0,0,0,0,0.988439306,190,140,486,92,66.52433333,502,185,516,59.10366667,199
1045,1,0,1,0,0,0.988439306,169,171,464,75,51.389,493,167,530,48.109,194
1046,0,0,1,0,0,0.988439306,222,195,523,85,77.635,559,214,578,77.626,227
1047,1,0,0,0,0,0.988439306,215,207,555,100,87.89166667,572,220,568,83.19325,229
1048,1,0,0,0,0,0.988439306,200,209,572,100,86.752,572,208,566,91.73666667,234
1049,1,0,0,0,0,0.988439306,192,204,521,92,72.792,531,212,545,59.87425,219
1050,1,1,0,0,0,0.988439306,153,174,472,69,50,479,184,482,64.496,195
1051,0,0,0,1,0,0.993197279,,,,38,46.724,350,179,373,38.93533333,162
1052,1,0,0,0,0,0.994186047,216,204,572,77,69.51566667,571,223,544,73.73975,226
1053,0,0,0,0,0,0.994186047,196,201,518,85,65.09966667,532,204,550,69.643,209
1054,1,0,0,1,0,0.994186047,124,,342,,30.769,379,167,456,42.9095,183
1055,0,0,0,0,0,0.994219653,189,184,518,85,71.36733333,567,216,559,70.27325,211
1056,1,0,1,0,0,0.994219653,174,158,446,62,66.524,486,206,514,52.521,206
1057,1,0,0,1,0,0.994219653,186,196,514,54,66.239,520,210,534,72.269,221
1058,1,1,0,0,0,0.994219653,208,199,516,92,79.77233333,530,189,529,51.26033333,213
1059,1,0,1,0,0,0.994219653,176,195,509,69,58.12,509,188,531,64.07575,190
1060,1,0,0,0,0,0.994219653,172,191,492,69,67.66366667,510,196,512,43.38225,193
1061,1,0,0,1,0,0.994219653,196,188,496,54,51.13966667,515,199,521,50.84033333,204
1062,1,1,0,0,0,0.994219653,170,158,460,69,67.66366667,494,140,490,62.60533333,179
1063,1,0,0,0,0,0.994219653,219,206,539,92,82.33633333,592,221,595,81.93266667,222
1064,1,1,0,0,0,0.994219653,129,140,393,23,15.812,437,140,490,34.31366667,176
1065,1,0,0,0,0,0.994219653,177,187,495,77,73.50433333,533,192,541,40.196,202
1066,0,0,0,0,0,0.994219653,210,196,514,77,87.17933333,575,218,564,81.4075,222
1067,1,0,1,0,0,0.994219653,171,140,486,54,68.80333333,505,183,495,63.34825,186
1068,1,0,0,0,0,0.994219653,179,178,477,92,82.265,536,154,558,56.3025,206
1069,1,0,1,0,0,0.994219653,177,181,483,63,78.24066667,524,184,493,49.29966667,204
1070,0,0,0,0,0,0.994219653,204,205,520,100,94.87166667,574,214,572,84.664,226
1071,0,0,0,0,0,0.994219653,207,186,535,69,79.06,557,205,549,82.353,214
1072,0,0,0,0,0,0.994219653,222,216,576,100,93.73233333,617,228,619,87.92,253
1073,0,0,1,0,0,0.994219653,217,190,502,100,92.30766667,569,212,555,86.765,218
1074,0,0,0,0,0,0.994219653,174,181,501,69,69.943,522,190,517,63.44533333,206
1075,0,0,0,0,0,0.994219653,218,224,555,92,74.644,586,222,611,83.8235,235
1076,1,0,0,0,0,0.994219653,191,179,516,100,86.04,521,199,557,80.67233333,205
1077,0,0,0,0,0,0.994219653,208,194,505,92,84.188,551,206,592,87.60525,236
1078,0,0,0,0,0,0.994219653,209,192,515,85,82.76333333,537,199,550,68.1725,219
1079,0,0,0,0,0,0.994219653,216,213,561,77,70.65533333,568,215,590,77.311,236
1080,1,0,0,1,0,0.994219653,167,178,470,54,44.15966667,513,198,516,52.731,208
1081,1,0,0,0,0,0.994219653,177,169,509,54,46.01133333,514,175,513,41.91175,202
1082,0,0,0,0,0,0.994219653,230,243,613,92,97.436,633,231,639,91.1765,236
1083,1,0,0,0,0,0.994219653,204,193,504,100,71.65233333,546,203,574,71.4285,213
1084,0,0,0,0,0,0.994219653,194,183,517,100,56.55266667,518,192,539,63.7605,207
1085,1,0,0,0,0,0.994219653,186,191,514,92,77.208,536,202,548,68.17225,200
1086,1,0,0,0,0,0.994219653,197,194,517,92,77.92033333,537,209,569,69.32766667,230
1087,0,0,0,0,0,0.994219653,179,191,499,77,69.51566667,527,197,527,77.591,199
1088,0,0,0,0,0,0.994219653,209,215,555,100,95.584,583,222,586,84.34875,229
1089,0,0,0,0,0,0.994219653,206,205,553,92,92.30766667,558,222,583,84.979,227
1090,0,1,0,0,0,0.994219653,134,151,429,38,38.17666667,461,163,454,38.4455,143
1091,1,0,0,0,0,0.994219653,181,167,464,77,65.09966667,500,195,533,59.66375,208
1092,1,0,0,0,0,0.994219653,209,203,539,69,75.78366667,559,212,585,68.48725,222
1093,1,0,0,0,0,0.994219653,206,212,560,77,71.36733333,563,220,585,83.193,227
1094,1,0,0,0,0,0.994219653,191,175,522,69,78.34766667,528,207,566,73.73975,210
1095,1,0,0,0,0,0.994219653,202,207,554,92,85.32766667,591,214,583,86.4495,233
1096,0,0,0,0,0,0.994219653,182,177,470,62,59.25933333,496,195,521,55.602,207
1097,0,0,0,0,0,0.994219653,163,140,446,69,69.9095,479,163,486,39.706,177
1098,1,0,0,0,0,0.994219653,203,195,549,77,69.943,571,207,564,80.56725,216
1099,0,0,0,0,0,0.994219653,,199,529,85,85.32733333,577,212,604,72.269,232
1100,1,0,0,0,0,1,190,203,529,77,76.49566667,535,209,522,73.66966667,209
1101,1,0,0,0,0,1,181,181,486,69,65.09966667,508,178,521,64.986,198
1102,1,0,0,0,0,1,204,200,560,92,79.05966667,541,213,562,90.196,225
1103,1,1,0,0,0,1,163,169,438,77,70.94033333,476,186,500,57.563,173
1104,0,0,1,0,0,1,158,167,427,62,56.98,503,195,530,39.776,204
1105,0,0,0,0,0,1,174,140,474,54,59.54433333,554,203,534,78.011,195
1106,1,0,0,0,0,1,242,242,636,100,97.436,661,240,693,84.66375,251
1107,1,0,0,0,0,1,188,178,529,85,66.95166667,551,191,512,67.01675,211
1108,0,1,0,0,0,1,208,189,537,85,70.22766667,546,210,559,44.01275,211
1109,1,0,0,0,0,1,195,191,519,62,54.843,527,210,517,53.466,214
1110,1,0,0,0,0,1,249,240,628,100,95.584,662,230,678,95.65833333,245
1111,1,0,0,1,0,1,163,154,423,23,35.32766667,463,177,471,28.29133333,178
1112,1,1,0,0,0,1,140,160,385,38,22.792,401,163,450,31.9325,182
1113,1,0,0,0,0,1,189,193,512,77,68.09133333,532,203,537,66.947,217
1114,0,0,0,0,0,1,191,194,533,92,70.94033333,511,204,557,62.28975,211
1115,1,0,0,0,0,1,215,211,576,100,100,595,215,603,89.391,240
1116,1,0,0,0,0,1,194,228,564,92,89.74366667,595,244,588,81.51233333,231
1117,1,0,0,0,0,1,218,205,561,85,86.03966667,554,216,576,70.44833333,219
1118,0,0,0,0,0,1,235,229,573,92,90.45566667,599,254,617,86.76475,229
1119,1,0,0,0,0,1,215,213,554,85,81.62366667,578,221,582,83.5085,222
1120,0,0,1,0,0,1,197,188,492,62,44.87166667,515,179,523,60.18925,207
1121,1,0,0,0,0,1,225,204,570,92,84.90033333,570,222,611,87.60525,225
1122,0,0,0,0,0,1,181,177,511,85,61.396,536,175,511,79.972,207
1123,1,0,0,0,0,1,164,182,463,85,87.17933333,493,190,552,45.168,196
1124,1,0,0,0,0,1,180,190,503,92,70.228,549,203,545,76.01825,217
1125,1,0,0,1,0,1,155,174,407,46,48.86033333,427,152,496,45.168,195
1126,1,0,0,0,0,1,183,190,520,69,60.684,516,187,524,47.47875,202
1127,0,0,1,0,0,1,180,185,453,77,60.78433333,483,140,520,53.46625,193
1128,1,1,0,0,0,1,165,169,449,92,90.02866667,486,168,481,45.238,186
1129,1,0,0,0,0,1,209,223,568,92,92.30766667,570,229,603,91.73666667,236
1130,1,0,0,0,0,1,191,185,518,77,65.09966667,518,202,527,50.105,210
1131,1,0,0,0,0,1,213,198,500,54,62.53533333,521,199,524,56.4075,206
1132,1,0,0,0,0,1,163,181,492,46,41.88033333,502,179,503,52.83625,201
1133,0,0,0,0,0,1,225,208,559,100,100,600,228,601,86.1345,229
1134,0,0,0,0,0,1,220,212,571,92,92.30766667,582,232,596,85.29425,223
1135,1,0,0,0,0,1,185,188,484,85,75.641,514,174,569,56.7225,212
1136,0,0,0,0,0,1,191,199,518,77,87.17933333,568,188,572,70.2075,218
1137,1,0,0,0,0,1,,,,,,,,,39.0755,198
